Date,Open,High,Low,Close,Adj Close,Volume,Turnover
2/9/15,0.13,0.15,0.1,0.14,0.13661,82500,0.002384393
2/10/15,0.165,0.49,0.125,0.15,0.146368,766635,0.022157081
2/11/15,0.12,0.16,0.11,0.125,0.121973,218023,0.006301243
2/12/15,0.13,0.13,0.13,0.13,0.126852,70500,0.002037572
2/13/15,0.13,0.13,0.12,0.125,0.121973,200000,0.005780347
2/17/15,0.125,0.125,0.12,0.125,0.121973,110000,0.003179191
2/18/15,0.125,0.125,0.105,0.11,0.107336,333000,0.009624277
2/19/15,0.11,0.12,0.11,0.12,0.117094,35000,0.001011561
2/20/15,0.115,0.215,0.115,0.115,0.112215,71300,0.002060694
2/23/15,0.11,0.115,0.1,0.115,0.112215,174333,0.005038526
2/24/15,0.11,0.11,0.11,0.11,0.107336,14000,0.000404624
2/25/15,0.105,0.11,0.105,0.11,0.107336,70000,0.002023121
2/26/15,0.12,0.12,0.12,0.12,0.117094,1000,2.89017E-05
2/27/15,0.115,0.12,0.115,0.115,0.112215,100000,0.002890173
3/2/15,0.12,0.15,0.1,0.1,0.097579,28552,0.000825202
3/3/15,0.115,0.115,0.1,0.115,0.112215,228506,0.00660422
3/4/15,0.115,0.115,0.1,0.115,0.112215,11574,0.000334509
3/5/15,0.11,0.11,0.11,0.11,0.107336,4000,0.000115607
3/6/15,0.105,0.165,0.05,0.11,0.107336,60117,0.001737486
3/9/15,0.105,0.105,0.1,0.1,0.097579,38000,0.001098266
3/10/15,0.1,0.1,0.1,0.1,0.097579,0,0
3/11/15,0.105,0.11,0.05,0.11,0.107336,30001,0.000867081
3/12/15,0.105,0.105,0.105,0.105,0.102457,4000,0.000115607
3/13/15,0.105,0.105,0.105,0.105,0.102457,0,0
3/16/15,0.105,0.105,0.105,0.105,0.102457,0,0
3/17/15,0.1,0.1,0.1,0.1,0.097579,60000,0.001734104
3/18/15,0.105,0.105,0.105,0.105,0.102457,26500,0.000765896
3/19/15,0.105,0.105,0.105,0.105,0.102457,1000,2.89017E-05
3/20/15,0.1,0.105,0.1,0.105,0.102457,174000,0.005028902
3/23/15,0.1,0.1,0.095,0.095,0.0927,36500,0.001054913
3/24/15,0.11,0.11,0.095,0.095,0.0927,500,1.44509E-05
3/25/15,0.1,0.135,0.1,0.1,0.097579,37900,0.001095376
3/26/15,0.1,0.1,0.1,0.1,0.097579,0,0
3/27/15,0.095,0.095,0.09,0.09,0.087821,25001,0.000722572
3/30/15,0.095,0.095,0.08,0.09,0.087821,106001,0.003063613
3/31/15,0.09,0.09,0.09,0.09,0.087821,0,0
4/1/15,0.09,0.09,0.09,0.09,0.087821,0,0
4/2/15,0.08,0.085,0.08,0.085,0.082942,129000,0.003728324
4/6/15,0.085,0.095,0.085,0.095,0.0927,121000,0.00349711
4/7/15,0.085,0.085,0.085,0.085,0.082942,3000,8.67052E-05
4/8/15,0.085,0.085,0.085,0.085,0.082942,20000,0.000578035
4/9/15,0.085,0.085,0.085,0.085,0.082942,4000,0.000115607
4/10/15,0.085,0.085,0.08,0.08,0.078063,66000,0.001907514
4/13/15,0.085,0.085,0.08,0.085,0.082942,31000,0.000895954
4/14/15,0.085,0.085,0.075,0.085,0.082942,23000,0.00066474
4/15/15,0.08,0.08,0.08,0.08,0.078063,16000,0.000462428
4/16/15,0.08,0.09,0.08,0.085,0.082942,73000,0.002109827
4/17/15,0.09,0.09,0.075,0.075,0.073184,958000,0.027687861
4/20/15,0.075,0.075,0.06,0.07,0.068305,496000,0.01433526
4/21/15,0.07,0.075,0.07,0.075,0.073184,395000,0.011416185
4/22/15,0.075,0.075,0.07,0.075,0.073184,107000,0.003092486
4/23/15,0.075,0.075,0.075,0.075,0.073184,85000,0.002456647
4/24/15,0.075,0.08,0.075,0.08,0.078063,128000,0.003699422
4/27/15,0.085,0.085,0.075,0.075,0.073184,203000,0.005867052
4/28/15,0.08,0.08,0.07,0.07,0.068305,924000,0.026705202
4/29/15,0.075,0.075,0.075,0.075,0.073184,50000,0.001445087
4/30/15,0.075,0.075,0.07,0.07,0.068305,45000,0.001300578
5/1/15,0.07,0.075,0.07,0.075,0.073184,30000,0.000867052
5/4/15,0.075,0.075,0.07,0.07,0.068305,85000,0.002456647
5/5/15,0.07,0.07,0.07,0.07,0.068305,3000,8.67052E-05
5/6/15,0.07,0.15,0.07,0.075,0.073184,226500,0.006546243
5/7/15,0.075,0.075,0.07,0.07,0.068305,244000,0.007052023
5/8/15,0.07,0.07,0.07,0.07,0.068305,42000,0.001213873
5/11/15,0.07,0.07,0.07,0.07,0.068305,50000,0.001445087
5/12/15,0.07,0.075,0.07,0.075,0.073184,29000,0.00083815
5/13/15,0.075,0.075,0.075,0.075,0.073184,10000,0.000289017
5/14/15,0.08,0.08,0.075,0.075,0.073184,45000,0.001300578
5/15/15,0.075,0.075,0.07,0.07,0.068305,75000,0.00216763
5/18/15,0.07,0.07,0.07,0.07,0.068305,0,0
5/19/15,0.075,0.075,0.065,0.07,0.068305,93000,0.002687861
5/20/15,0.075,0.075,0.075,0.075,0.073184,68000,0.001965318
5/21/15,0.075,0.075,0.075,0.075,0.073184,0,0
5/22/15,0.075,0.075,0.075,0.075,0.073184,1000,2.89017E-05
5/26/15,0.08,0.08,0.08,0.08,0.078063,20000,0.000578035
5/27/15,0.085,0.085,0.08,0.08,0.078063,84000,0.002427746
5/28/15,0.08,0.08,0.08,0.08,0.078063,72000,0.002080925
5/29/15,0.08,0.08,0.08,0.08,0.078063,33000,0.000953757
6/1/15,0.08,0.08,0.08,0.08,0.078063,0,0
6/2/15,0.08,0.08,0.08,0.08,0.078063,12000,0.000346821
6/3/15,0.08,0.08,0.08,0.08,0.078063,0,0
6/4/15,0.08,0.08,0.08,0.08,0.078063,6000,0.00017341
6/5/15,0.075,0.075,0.07,0.075,0.073184,39000,0.001127168
6/8/15,0.075,0.075,0.07,0.07,0.068305,104000,0.00300578
6/9/15,0.07,0.07,0.07,0.07,0.068305,0,0
6/10/15,0.075,0.075,0.075,0.09,0.087821,1000,2.89017E-05
6/11/15,0.075,0.075,0.07,0.07,0.068305,92000,0.00265896
6/12/15,0.07,0.07,0.07,0.07,0.068305,0,0
6/15/15,0.075,0.075,0.075,0.075,0.073184,1000,2.89017E-05
6/16/15,0.075,0.075,0.075,0.075,0.073184,0,0
6/17/15,0.075,0.1,0.07,0.07,0.068305,16500,0.000476879
6/18/15,0.07,0.07,0.07,0.07,0.068305,0,0
6/19/15,0.07,0.07,0.07,0.07,0.068305,0,0
6/22/15,0.07,0.07,0.07,0.07,0.068305,0,0
6/23/15,0.07,0.07,0.07,0.07,0.068305,1000,2.89017E-05
6/24/15,0.07,0.07,0.065,0.07,0.068305,53000,0.001531792
6/25/15,0.07,0.07,0.07,0.07,0.068305,0,0
6/26/15,0.07,0.07,0.07,0.07,0.068305,0,0
6/29/15,0.07,0.07,0.065,0.065,0.063426,34000,0.000982659
6/30/15,0.065,0.065,0.065,0.065,0.063426,18000,0.000520231
7/1/15,0.065,0.065,0.065,0.065,0.063426,0,0
7/2/15,0.065,0.065,0.065,0.065,0.063426,0,0
7/6/15,0.06,0.06,0.06,0.06,0.058547,26000,0.000751445
7/7/15,0.06,0.065,0.06,0.06,0.058547,56000,0.001618497
7/8/15,0.06,0.06,0.055,0.055,0.053668,29000,0.00083815
7/9/15,0.055,0.055,0.055,0.055,0.053668,28000,0.000809249
7/10/15,0.055,0.055,0.055,0.055,0.053668,0,0
7/13/15,0.055,0.055,0.055,0.055,0.053668,1000,2.89017E-05
7/14/15,0.05,0.05,0.05,0.05,0.048789,36000,0.001040462
7/15/15,0.06,0.06,0.05,0.06,0.058547,43000,0.001242775
7/16/15,0.075,0.08,0.07,0.07,0.068305,468000,0.013526012
7/17/15,0.075,0.08,0.07,0.07,0.068305,465000,0.013439306
7/20/15,0.07,0.07,0.07,0.07,0.068305,0,0
7/21/15,0.075,0.075,0.075,0.075,0.073184,153000,0.004421965
7/22/15,0.075,0.075,0.075,0.075,0.073184,0,0
7/23/15,0.08,0.08,0.08,0.08,0.078063,31000,0.000895954
7/24/15,0.08,0.12,0.08,0.1,0.097579,161000,0.004653179
7/27/15,0.095,0.095,0.08,0.09,0.087821,21000,0.000606936
7/28/15,0.09,0.09,0.09,0.09,0.087821,0,0
7/29/15,0.095,0.095,0.085,0.085,0.082942,148000,0.004277457
7/30/15,0.085,0.085,0.085,0.085,0.082942,0,0
7/31/15,0.085,0.085,0.085,0.085,0.082942,36000,0.001040462
8/3/15,0.085,0.085,0.085,0.085,0.082942,0,0
8/4/15,0.09,0.09,0.08,0.09,0.087821,86000,0.002485549
8/5/15,0.09,0.095,0.09,0.095,0.0927,26000,0.000751445
8/6/15,0.095,0.095,0.095,0.095,0.0927,0,0
8/7/15,0.095,0.095,0.09,0.09,0.087821,16000,0.000462428
8/10/15,0.09,0.09,0.09,0.09,0.087821,53000,0.001531792
8/11/15,0.09,0.09,0.09,0.09,0.087821,56000,0.001618497
8/12/15,0.1,0.11,0.1,0.11,0.107336,398000,0.01150289
8/13/15,0.12,0.135,0.12,0.13,0.126852,114500,0.003309249
8/14/15,0.14,0.145,0.125,0.13,0.126852,187500,0.005419075
8/17/15,0.145,0.165,0.14,0.155,0.151247,547500,0.015823699
8/18/15,0.15,0.155,0.15,0.155,0.151247,40000,0.001156069
8/19/15,0.155,0.155,0.14,0.14,0.13661,76000,0.002196532
8/20/15,0.14,0.14,0.14,0.14,0.13661,0,0
8/21/15,0.14,0.14,0.13,0.14,0.13661,21000,0.000606936
8/24/15,0.13,0.14,0.13,0.14,0.13661,42000,0.001213873
8/25/15,0.145,0.145,0.145,0.145,0.141489,30000,0.000867052
8/26/15,0.155,0.155,0.14,0.14,0.13661,15500,0.000447977
8/27/15,0.14,0.14,0.14,0.14,0.13661,0,0
8/28/15,0.15,0.15,0.15,0.15,0.146368,5000,0.000144509
8/31/15,0.145,0.145,0.14,0.14,0.13661,7000,0.000202312
9/1/15,0.15,0.15,0.15,0.15,0.146368,8000,0.000231214
9/2/15,0.15,0.15,0.15,0.15,0.146368,0,0
9/3/15,0.15,0.15,0.15,0.15,0.146368,0,0
9/4/15,0.145,0.145,0.13,0.135,0.131731,66000,0.001907514
9/8/15,0.15,0.15,0.15,0.15,0.146368,93500,0.002702312
9/9/15,0.16,0.16,0.15,0.15,0.146368,12500,0.000361272
9/10/15,0.15,0.15,0.15,0.15,0.146368,4000,0.000115607
9/11/15,0.15,0.155,0.15,0.155,0.151247,28500,0.000823699
9/14/15,0.15,0.155,0.15,0.155,0.151247,50000,0.001445087
9/15/15,0.155,0.155,0.145,0.145,0.141489,18500,0.000534682
9/16/15,0.15,0.15,0.15,0.15,0.146368,5000,0.000144509
9/17/15,0.155,0.16,0.155,0.16,0.156126,100000,0.002890173
9/18/15,0.155,0.155,0.145,0.145,0.141489,55000,0.001589595
9/21/15,0.145,0.145,0.14,0.14,0.13661,32000,0.000924855
9/22/15,0.14,0.14,0.14,0.14,0.13661,0,0
9/23/15,0.145,0.145,0.145,0.145,0.141489,6000,0.00017341
9/24/15,0.14,0.14,0.14,0.14,0.13661,2000,5.78035E-05
9/25/15,0.14,0.14,0.14,0.14,0.13661,0,0
9/28/15,0.145,0.145,0.14,0.14,0.13661,18000,0.000520231
9/29/15,0.14,0.14,0.14,0.14,0.13661,0,0
9/30/15,0.14,0.14,0.135,0.135,0.131731,27000,0.000780347
10/1/15,0.135,0.135,0.135,0.135,0.131731,25000,0.000722543
10/2/15,0.135,0.135,0.135,0.135,0.131731,0,0
10/5/15,0.135,0.135,0.135,0.135,0.131731,0,0
10/6/15,0.13,0.13,0.13,0.13,0.126852,1000,2.89017E-05
10/7/15,0.13,0.13,0.13,0.13,0.126852,0,0
10/8/15,0.13,0.13,0.11,0.11,0.107336,44000,0.001271676
10/9/15,0.11,0.11,0.11,0.11,0.107336,48500,0.001401734
10/12/15,0.11,0.11,0.11,0.11,0.107336,0,0
10/13/15,0.11,0.11,0.11,0.11,0.107336,0,0
10/14/15,0.11,0.11,0.11,0.11,0.107336,0,0
10/15/15,0.11,0.11,0.11,0.11,0.107336,55500,0.001604046
10/16/15,0.125,0.13,0.125,0.13,0.126852,13000,0.000375723
10/19/15,0.15,0.15,0.125,0.125,0.121973,71000,0.002052023
10/20/15,0.13,0.13,0.13,0.13,0.126852,36000,0.001040462
10/21/15,0.13,0.13,0.125,0.13,0.126852,56500,0.001632948
10/22/15,0.14,0.145,0.14,0.145,0.141489,9500,0.000274566
10/23/15,0.145,0.145,0.14,0.14,0.13661,13000,0.000375723
10/26/15,0.14,0.14,0.14,0.14,0.13661,0,0
10/27/15,0.135,0.135,0.115,0.13,0.126852,125000,0.003612717
10/28/15,0.135,0.135,0.135,0.135,0.131731,6000,0.00017341
10/29/15,0.135,0.135,0.12,0.12,0.117094,23500,0.000679191
10/30/15,0.13,0.13,0.12,0.12,0.117094,16000,0.000462428
11/2/15,0.13,0.14,0.12,0.135,0.131731,196500,0.005679191
11/3/15,0.135,0.135,0.13,0.13,0.126852,8000,0.000231214
11/4/15,0.125,0.125,0.115,0.115,0.112215,25000,0.000722543
11/5/15,0.115,0.12,0.115,0.12,0.117094,38500,0.001112717
11/6/15,0.115,0.115,0.115,0.115,0.112215,1000,2.89017E-05
11/9/15,0.115,0.115,0.115,0.115,0.112215,13000,0.000375723
11/10/15,0.12,0.12,0.12,0.12,0.117094,13000,0.000375723
11/11/15,0.12,0.12,0.12,0.12,0.117094,0,0
11/12/15,0.12,0.12,0.12,0.12,0.117094,0,0
11/13/15,0.13,0.13,0.13,0.13,0.126852,7000,0.000202312
11/16/15,0.13,0.13,0.13,0.13,0.126852,0,0
11/17/15,0.125,0.125,0.1,0.1,0.097579,49500,0.001430636
11/18/15,0.105,0.105,0.105,0.105,0.102457,22000,0.000635838
11/19/15,0.1,0.1,0.08,0.095,0.0927,316500,0.009147399
11/20/15,0.095,0.11,0.095,0.11,0.107336,18000,0.000520231
11/23/15,0.11,0.11,0.105,0.105,0.102457,13000,0.000375723
11/24/15,0.105,0.105,0.105,0.105,0.102457,22500,0.000650289
11/25/15,0.11,0.11,0.11,0.11,0.107336,7000,0.000202312
11/27/15,0.11,0.11,0.11,0.11,0.107336,0,0
11/30/15,0.11,0.11,0.11,0.11,0.107336,0,0
12/1/15,0.11,0.11,0.11,0.11,0.107336,5000,0.000144509
12/2/15,0.11,0.11,0.105,0.11,0.107336,50000,0.001445087
12/3/15,25.68,25.68,25.57,25.66,25.038656,1000,2.89017E-05
12/4/15,25.51,25.540001,25.450001,25.540001,24.921562,1900,5.49133E-05
12/7/15,25.540001,25.540001,25.540001,25.540001,24.921562,0,0
12/8/15,24.879999,25.049999,24.879999,25.049999,24.443428,200,5.78035E-06
12/9/15,25.049999,25.049999,25.049999,25.049999,24.443428,0,0
12/10/15,25.35,25.35,25.35,25.35,24.736164,500,1.44509E-05
12/11/15,24.959999,24.959999,24.959999,24.959999,24.355608,100,2.89017E-06
12/14/15,24.959999,24.959999,24.959999,24.959999,24.355608,0,0
12/15/15,24.959999,24.959999,24.959999,24.959999,24.355608,0,0
12/16/15,24.549999,24.549999,24.549999,24.549999,23.955534,2500,7.22543E-05
12/17/15,24.549999,24.549999,24.549999,24.549999,23.955534,0,0
12/18/15,24.549999,24.549999,24.549999,24.549999,23.955534,0,0
12/21/15,24.549999,24.549999,24.549999,24.549999,23.955534,0,0
12/22/15,24.549999,24.549999,24.549999,24.549999,23.955534,0,0
12/23/15,24.549999,24.549999,24.549999,24.549999,23.955534,0,0
12/24/15,24.5,24.5,24.5,24.5,23.906748,1000,2.89017E-05
12/28/15,24.5,24.5,24.5,24.5,23.906748,0,0
12/29/15,24.5,24.5,24.5,24.5,23.906748,0,0
12/30/15,24.5,24.5,24.5,24.5,23.906748,0,0
12/31/15,24.5,24.5,24.5,24.5,23.906748,0,0
1/4/16,24.5,24.5,24.5,24.5,23.906748,0,0
1/5/16,24.5,24.5,24.5,24.5,23.906748,0,0
1/6/16,24.5,24.5,24.5,24.5,23.906748,0,0
1/7/16,24.5,24.5,24.5,24.5,23.906748,0,0
1/8/16,24.5,24.5,24.5,24.5,23.906748,0,0
1/11/16,24.5,24.5,24.5,24.5,23.906748,0,0
1/12/16,24.5,24.5,24.5,24.5,23.906748,0,0
1/13/16,24.5,24.5,24.5,24.5,23.906748,0,0
1/14/16,24.5,24.5,24.5,24.5,23.906748,0,0
1/15/16,24.5,24.5,24.5,24.5,23.906748,0,0
1/19/16,24.5,24.5,24.5,24.5,23.906748,0,0
1/20/16,24.5,24.5,24.5,24.5,23.906748,0,0
1/21/16,22.120001,22.120001,22,22,21.467283,1500,4.33526E-05
1/22/16,22.290001,22.290001,22.290001,22.290001,21.750259,300,8.67052E-06
1/25/16,22.1,22.1,22.1,22.1,21.564859,1000,2.89017E-05
1/26/16,22.309999,22.309999,22.309999,22.309999,21.769775,1000,2.89017E-05
1/27/16,22.17,22.219999,21.993999,21.993999,21.461424,1400,4.04624E-05
1/28/16,21.993999,21.993999,21.993999,21.993999,21.461424,0,0
1/29/16,21.993999,21.993999,21.993999,21.993999,21.461424,0,0
2/1/16,21.993999,21.993999,21.993999,21.993999,21.461424,0,0
2/2/16,21.993999,21.993999,21.993999,21.993999,21.461424,0,0
2/3/16,21.993999,21.993999,21.993999,21.993999,21.461424,0,0
2/4/16,23.93,23.940001,23.93,23.940001,23.360306,300,8.67052E-06
2/5/16,23.940001,23.940001,23.940001,23.940001,23.360306,0,0
2/8/16,23.940001,23.940001,23.940001,23.940001,23.360306,0,0
2/9/16,23.940001,23.940001,23.940001,23.940001,23.360306,0,0
2/10/16,23.08,23.139999,23.08,23.1,22.540646,800,2.31214E-05
2/11/16,23.1,23.1,23.1,23.1,22.540646,0,0
2/12/16,23.1,23.1,23.1,23.1,22.540646,0,0
2/16/16,23.1,23.1,23.1,23.1,22.540646,0,0
2/17/16,23.1,23.1,23.1,23.1,22.540646,0,0
2/18/16,23.1,23.1,23.1,23.1,22.540646,0,0
2/19/16,23.1,23.1,23.1,23.1,22.540646,0,0
2/22/16,23.1,23.1,23.1,23.1,22.540646,0,0
2/23/16,23.1,23.1,23.1,23.1,22.540646,0,0
2/24/16,23.1,23.1,23.1,23.1,22.540646,0,0
2/25/16,23.1,23.1,23.1,23.1,22.540646,0,0
2/26/16,23.1,23.1,23.1,23.1,22.540646,0,0
2/29/16,24.200001,24.25,24.120001,24.129999,23.545704,4800,0.000138728
3/1/16,24.129999,24.129999,24.129999,24.129999,23.545704,0,0
3/2/16,24.129999,24.129999,24.129999,24.129999,23.545704,100,2.89017E-06
3/3/16,25.360001,25.700001,25.360001,25.700001,25.077688,500,1.44509E-05
3/4/16,26.41,26.43,26.41,26.43,25.79001,200,5.78035E-06
3/7/16,26.24,26.27,26.24,26.27,25.633886,700,2.02312E-05
3/8/16,26.27,26.27,26.27,26.27,25.633886,0,0
3/9/16,26.42,26.42,26.42,26.42,25.780252,2000,5.78035E-05
3/10/16,26.530001,26.9,26.530001,26.9,26.248631,1700,4.91329E-05
3/11/16,27.18,27.32,27.18,27.32,26.658461,300,8.67052E-06
3/14/16,27.108,27.129999,27.108,27.129999,26.473063,300,8.67052E-06
3/15/16,26.290001,26.290001,26.290001,26.290001,25.653402,400,1.15607E-05
3/16/16,26.290001,26.290001,26.290001,26.290001,25.653402,0,0
3/17/16,26.290001,26.290001,26.290001,26.290001,25.653402,0,0
3/18/16,28,28.18,28,28.18,27.497637,300,8.67052E-06
3/21/16,28.040001,28.110001,28.040001,28.110001,27.429331,400,1.15607E-05
3/22/16,28.15,28.309999,28.129999,28.309999,27.624487,12400,0.000358382
3/23/16,28.309999,28.309999,28.309999,28.309999,27.624487,0,0
3/24/16,27.056,27.17,27.056,27.17,26.512093,200,5.78035E-06
3/28/16,27.17,27.17,27.17,27.17,26.512093,0,0
3/29/16,28.1,28.1,28.1,28.1,27.419577,100,2.89017E-06
3/30/16,28.1,28.1,28.1,28.1,27.419577,0,0
3/31/16,28.1,28.1,28.1,28.1,27.419577,0,0
4/1/16,28.316,28.316,28.316,28.316,27.630342,100,2.89017E-06
4/4/16,28,28,27.700001,27.740999,27.069265,900,2.60116E-05
4/5/16,27.549999,27.549999,27.450001,27.450001,26.785315,600,1.7341E-05
4/6/16,27.450001,27.450001,27.450001,27.450001,26.785315,0,0
4/7/16,27.129999,27.129999,27.129999,27.129999,26.473063,400,1.15607E-05
4/8/16,27.129999,27.129999,27.129999,27.129999,26.473063,0,0
4/11/16,28.49,28.49,28.49,28.49,27.800129,500,1.44509E-05
4/12/16,28.5,28.540001,28.469999,28.540001,27.848917,1800,5.20231E-05
4/13/16,29.17,29.17,29.17,29.17,28.463667,100,2.89017E-06
4/14/16,29.17,29.17,29.17,29.17,28.463667,0,0
4/15/16,28.959,29.02,28.825001,28.865999,28.167023,4900,0.000141618
4/18/16,28.865999,28.865999,28.865999,28.865999,28.167023,0,0
4/19/16,28.9,28.9,28.9,28.9,28.200201,100,2.89017E-06
4/20/16,29,29,28.9,28.9,28.200201,1300,3.75723E-05
4/21/16,28.9,28.9,28.9,28.9,28.200201,0,0
4/22/16,28.59,28.59,28.59,28.59,27.897707,700,2.02312E-05
4/25/16,28.68,28.68,28.559999,28.610001,27.917225,1200,3.46821E-05
4/26/16,28.92,29.09,28.92,29.09,28.385599,300,8.67052E-06
4/27/16,28.903,29.379999,28.9,29.379999,28.668579,2600,7.51445E-05
4/28/16,29.389999,29.450001,29.389999,29.421,28.708586,700,2.02312E-05
4/29/16,29.673,29.98,29.591,29.98,29.254049,2200,6.35838E-05
5/2/16,29.82,29.83,29.26,29.26,28.551485,1000,2.89017E-05
5/3/16,29.26,29.26,29.26,29.26,28.551485,0,0
5/4/16,28.693001,28.693001,28.691,28.691,27.996264,500,1.44509E-05
5/5/16,29.049999,29.049999,28.799999,28.950001,28.248991,900,2.60116E-05
5/6/16,28.934,28.979,28.93,28.979,28.277288,1400,4.04624E-05
5/9/16,28.5,28.552999,28.26,28.362,27.675228,1200,3.46821E-05
5/10/16,29.15,29.219999,29.139999,29.219999,28.512453,800,2.31214E-05
5/11/16,29.360001,29.360001,29.18,29.18,28.473423,2100,6.06936E-05
5/12/16,29.51,29.799999,29.309999,29.799999,29.078409,2900,8.3815E-05
5/13/16,29.4,29.4,29.200001,29.290001,28.580759,1300,3.75723E-05
5/16/16,29.32,29.32,29.219999,29.309999,28.600271,1300,3.75723E-05
5/17/16,28.940001,29.040001,28.85,28.85,28.151415,2300,6.6474E-05
5/18/16,28.32,28.66,28.32,28.620001,27.926985,5900,0.00017052
5/19/16,27.983999,27.990999,27.834999,27.841,27.166845,2500,7.22543E-05
5/20/16,28.17,28.280001,28.16,28.26,27.575699,7800,0.000225434
5/23/16,27.83,27.92,27.780001,27.780001,27.107323,16100,0.000465318
5/24/16,27.620001,27.74,27.559999,27.65,26.980469,27800,0.000803468
5/25/16,27.67,27.83,27.290001,27.290001,26.629189,24200,0.000699422
5/26/16,27.290001,27.290001,27.290001,27.290001,26.629189,0,0
5/27/16,27.290001,27.290001,27.290001,27.290001,26.629189,0,0
5/31/16,27.576,27.576,27.576,27.576,26.90826,500,1.44509E-05
6/1/16,27.219999,27.389999,27.200001,27.389999,26.726765,2300,6.6474E-05
6/2/16,27.1,27.459999,27.1,27.360001,26.697491,3900,0.000112717
6/3/16,27.360001,27.360001,27.360001,27.360001,26.697491,0,0
6/6/16,27.84,28.139999,27.84,28.096001,27.41567,2600,7.51445E-05
6/7/16,28.16,28.33,28.16,28.297001,27.611805,1200,3.46821E-05
6/8/16,28.969999,29.15,28.812,29.129999,28.424633,2700,7.80347E-05
6/9/16,29.01,29.01,28.83,28.85,28.151415,500,1.44509E-05
6/10/16,28.85,28.85,28.85,28.85,28.151415,0,0
6/13/16,27.959999,27.98,27.889999,27.950001,27.273205,3300,9.53757E-05
6/14/16,27.940001,27.940001,27.940001,27.940001,27.263447,200,5.78035E-06
6/15/16,27.940001,27.940001,27.940001,27.940001,27.263447,0,0
6/16/16,27.530001,27.84,27.311001,27.84,27.165869,600,1.7341E-05
6/17/16,28.15,28.15,28.15,28.15,27.468363,200,5.78035E-06
6/20/16,28.15,28.15,28.15,28.15,27.468363,0,0
6/21/16,28.450001,28.52,28.450001,28.469999,27.780613,3500,0.000101156
6/22/16,28.469999,28.469999,28.469999,28.469999,27.780613,0,0
6/23/16,28.469999,28.469999,28.469999,28.469999,27.780613,0,0
6/24/16,28.299999,28.299999,27.969999,27.969999,27.292721,1200,3.46821E-05
6/27/16,27.969999,27.969999,27.969999,27.969999,27.292721,0,0
6/28/16,28.309999,28.48,28.25,28.48,27.790369,1800,5.20231E-05
6/29/16,28.48,28.48,28.48,28.48,27.790369,0,0
6/30/16,29.200001,29.200001,29.200001,29.200001,28.492937,200,5.78035E-06
7/1/16,29.764999,29.764999,29.568001,29.568001,28.852028,300,8.67052E-06
7/5/16,29.568001,29.568001,29.568001,29.568001,28.852028,0,0
7/6/16,29.568001,29.568001,29.568001,29.568001,28.852028,0,0
7/7/16,28.332001,28.332001,28.332001,28.332001,27.645958,400,1.15607E-05
7/8/16,28.332001,28.332001,28.332001,28.332001,27.645958,0,0
7/11/16,29.5,29.5,29.252001,29.252001,28.543678,1200,3.46821E-05
7/12/16,29.252001,29.252001,29.252001,29.252001,28.543678,100,2.89017E-06
7/13/16,29.252001,29.252001,29.252001,29.252001,28.543678,100,2.89017E-06
7/14/16,29.252001,29.252001,29.252001,29.252001,28.543678,0,0
7/15/16,29.252001,29.252001,29.252001,29.252001,28.543678,0,0
7/18/16,30.360001,30.52,30.360001,30.52,29.780975,4400,0.000127168
7/19/16,30.68,30.68,30.68,30.68,29.937099,1200,3.46821E-05
7/20/16,30.68,30.68,30.68,30.68,29.937099,0,0
7/21/16,31.07,31.07,31.07,31.07,30.317656,1600,4.62428E-05
7/22/16,31.129999,31.129999,31.129999,31.129999,30.376204,200,5.78035E-06
7/25/16,31.129999,31.129999,31.129999,31.129999,30.376204,0,0
7/26/16,30.98,30.98,30.84,30.91,30.161531,2400,6.93642E-05
7/27/16,30.700001,30.700001,30.639999,30.639999,29.898069,1400,4.04624E-05
7/28/16,30.639999,30.639999,30.596001,30.596001,29.855133,600,1.7341E-05
7/29/16,31.200001,31.200001,31.200001,31.200001,30.44451,900,2.60116E-05
8/1/16,31.200001,31.200001,31.200001,31.200001,30.44451,0,0
8/2/16,30.84,30.84,30.743999,30.83,30.083467,1400,4.04624E-05
8/3/16,31.120001,31.120001,31.120001,31.120001,30.366446,500,1.44509E-05
8/4/16,31.355,31.355,31.355,31.355,30.595755,200,5.78035E-06
8/5/16,31.83,31.83,31.83,31.83,31.059252,5400,0.000156069
8/8/16,31.889999,31.889999,31.790001,31.790001,31.020224,1800,5.20231E-05
8/9/16,32.040001,32.240002,32.029999,32.099998,31.322714,2400,6.93642E-05
8/10/16,32.099998,32.099998,32.099998,32.099998,31.322714,0,0
8/11/16,32.099998,32.099998,32.099998,32.099998,31.322714,0,0
8/12/16,32.099998,32.099998,32.099998,32.099998,31.322714,0,0
8/15/16,32.099998,32.099998,32.080002,32.080002,31.303202,800,2.31214E-05
8/16/16,31.908001,31.908001,31.790001,31.790001,31.020224,1300,3.75723E-05
8/17/16,31.790001,31.790001,31.790001,31.790001,31.020224,0,0
8/18/16,31.344999,31.344999,31.344999,31.344999,30.585997,100,2.89017E-06
8/19/16,31.209999,31.209999,31.209999,31.209999,30.454264,100,2.89017E-06
8/22/16,31.209999,31.209999,31.209999,31.209999,30.454264,0,0
8/23/16,31.299999,31.299999,31.26,31.26,30.503056,700,2.02312E-05
8/24/16,31.26,31.26,31.26,31.26,30.503056,0,0
8/25/16,31.107,31.107,31.107,31.107,30.35376,100,2.89017E-06
8/26/16,31.107,31.107,31.107,31.107,30.35376,0,0
8/29/16,31.107,31.107,31.107,31.107,30.35376,0,0
8/30/16,31.107,31.107,31.107,31.107,30.35376,0,0
8/31/16,31.107,31.107,31.107,31.107,30.35376,0,0
9/1/16,30.51,30.51,30.51,30.51,29.771217,100,2.89017E-06
9/2/16,31.209999,31.209999,31.195,31.209999,30.454264,800,2.31214E-05
9/6/16,31.209999,31.209999,31.209999,31.209999,30.454264,0,0
9/7/16,31.209999,31.209999,31.209999,31.209999,30.454264,0,0
9/8/16,31.389999,31.389999,31.389999,31.389999,30.629908,300,8.67052E-06
9/9/16,31.389999,31.389999,31.389999,31.389999,30.629908,0,0
9/12/16,30.440001,30.440001,30.440001,30.440001,29.702911,500,1.44509E-05
9/13/16,30.440001,30.440001,30.440001,30.440001,29.702911,0,0
9/14/16,30.440001,30.440001,30.440001,30.440001,29.702911,0,0
9/15/16,29.32,29.32,29.32,29.32,28.610031,400,1.15607E-05
9/16/16,29.518,29.518,29.4,29.457001,28.743713,1100,3.17919E-05
9/19/16,29.457001,29.457001,29.457001,29.457001,28.743713,0,0
9/20/16,29.457001,29.457001,29.457001,29.457001,28.743713,0,0
9/21/16,29.457001,29.457001,29.457001,29.457001,28.743713,0,0
9/22/16,30.459999,30.459999,30.459999,30.459999,29.722427,300,8.67052E-06
9/23/16,30.35,30.35,30.17,30.17,29.439451,800,2.31214E-05
9/26/16,30.17,30.17,30.17,30.17,29.439451,0,0
9/27/16,30.17,30.17,30.17,30.17,29.439451,0,0
9/28/16,30.35,30.620001,30.35,30.620001,29.878553,300,8.67052E-06
9/29/16,30.620001,30.620001,30.620001,30.620001,29.878553,0,0
9/30/16,30.365,30.365,30.365,30.365,29.629726,100,2.89017E-06
10/3/16,30.85,30.879999,30.85,30.879999,30.132257,200,5.78035E-06
10/4/16,30.879999,30.879999,30.879999,30.879999,30.132257,0,0
10/5/16,30.879999,30.879999,30.879999,30.879999,30.132257,0,0
10/6/16,30.82,30.82,30.82,30.82,30.073709,400,1.15607E-05
10/7/16,30.719,30.719,30.719,30.719,29.975155,200,5.78035E-06
10/10/16,30.940001,31.1,30.940001,31.1,30.34693,1800,5.20231E-05
10/11/16,31.048,31.048,31.048,31.048,30.29619,800,2.31214E-05
10/12/16,30.813,30.813,30.813,30.813,30.066879,200,5.78035E-06
10/13/16,30.813,30.813,30.813,30.813,30.066879,0,0
10/14/16,30.813,30.813,30.813,30.813,30.066879,0,0
10/17/16,30.813,30.813,30.813,30.813,30.066879,0,0
10/18/16,31.440001,31.709999,31.440001,31.709999,30.942156,2100,6.06936E-05
10/19/16,31.870001,32.049999,31.870001,32.049999,31.273926,1200,3.46821E-05
10/20/16,32.110001,32.110001,32.106998,32.109001,31.331499,2400,6.93642E-05
10/21/16,32.049999,32.119999,32.049999,32.109001,31.331499,800,2.31214E-05
10/24/16,32.109001,32.109001,32.109001,32.109001,31.331499,0,0
10/25/16,32.439999,32.5,32.439999,32.5,31.713032,700,2.02312E-05
10/26/16,32.240002,32.240002,31.940001,32.040001,31.264168,2400,6.93642E-05
10/27/16,31.969999,31.969999,31.878,31.878,31.106091,500,1.44509E-05
10/28/16,31.878,31.878,31.878,31.878,31.106091,0,0
10/31/16,31.719999,31.719999,31.719999,31.719999,30.951914,200,5.78035E-06
11/1/16,31.719999,31.719999,31.719999,31.719999,30.951914,0,0
11/2/16,30.360001,30.360001,30.287001,30.287001,29.553617,1400,4.04624E-05
11/3/16,30.41,30.41,30.41,30.41,29.673637,600,1.7341E-05
11/4/16,30.33,30.521999,30.33,30.521999,29.782925,400,1.15607E-05
11/7/16,30.521999,30.521999,30.521999,30.521999,29.782925,0,0
11/8/16,31.32,31.598,31.32,31.598,30.832872,800,2.31214E-05
11/9/16,29.936001,30.469999,29.936001,30.469999,29.732185,1900,5.49133E-05
11/10/16,28.75,28.75,28.389999,28.4,27.712311,1400,4.04624E-05
11/11/16,27.125,27.464001,26.98,27.18,26.521851,2500,7.22543E-05
11/14/16,27.09,27.212,26.902,27.212,26.553074,3200,9.24855E-05
11/15/16,28,28,28,28,27.321993,600,1.7341E-05
11/16/16,28,28,28,28,27.321993,0,0
11/17/16,27.764,27.764,27.764,27.764,27.091709,300,8.67052E-06
11/18/16,27.440001,27.440001,27.440001,27.440001,26.775557,500,1.44509E-05
11/21/16,27.700001,27.700001,27.663,27.663,26.993155,1300,3.75723E-05
11/22/16,27.540001,27.540001,27.540001,27.540001,26.873133,400,1.15607E-05
11/23/16,27.540001,27.540001,27.540001,27.540001,26.873133,0,0
11/25/16,27.540001,27.540001,27.540001,27.540001,26.873133,0,0
11/28/16,27.473,27.473,27.473,27.473,26.807755,300,8.67052E-06
11/29/16,27.473,27.473,27.473,27.473,26.807755,0,0
11/30/16,27.511,27.709999,27.511,27.709999,27.039015,500,1.44509E-05
12/1/16,26.943001,26.943001,26.943001,26.943001,26.29059,400,1.15607E-05
12/2/16,26.943001,26.943001,26.943001,26.943001,26.29059,100,2.89017E-06
12/5/16,27.190001,27.212999,26.219999,27.212999,26.554052,600,1.7341E-05
12/6/16,27.289,27.289,27.259001,27.259001,26.59894,800,2.31214E-05
12/7/16,27.790001,27.790001,27.749001,27.749001,27.077074,1200,3.46821E-05
12/8/16,27.73,27.93,27.73,27.93,27.253691,800,2.31214E-05
12/9/16,28,28.007999,28,28.007999,27.329802,400,1.15607E-05
12/12/16,28.076,28.076,28.076,28.076,27.396152,500,1.44509E-05
12/13/16,28.076,28.076,28.076,28.076,27.396152,0,0
12/14/16,28.076,28.076,28.076,28.076,27.396152,0,0
12/15/16,28.076,28.076,28.076,28.076,27.396152,0,0
12/16/16,27.459,27.469999,27.417999,27.42,26.756039,2800,8.09249E-05
12/19/16,27.348,27.348,27.15,27.191,26.532585,3700,0.000106936
12/20/16,27.43,27.43,27.09,27.09,26.434031,2000,5.78035E-05
12/21/16,27.209999,27.209999,27.209999,27.209999,26.551125,800,2.31214E-05
12/22/16,27.049999,27.259001,27.014,27.259001,26.59894,600,1.7341E-05
12/23/16,27.259001,27.259001,27.259001,27.259001,26.59894,0,0
12/27/16,27.259001,27.259001,27.259001,27.259001,26.59894,0,0
12/28/16,24.719999,24.719999,24.719999,24.719999,24.121418,200,5.78035E-06
12/29/16,24.629999,24.85,24.474001,24.474001,23.881376,11100,0.000320809
12/30/16,24.5,24.5,24.129999,24.200001,23.614012,5700,0.00016474
1/3/17,24.51,24.681999,24.51,24.618,24.021889,1300,3.75723E-05
1/4/17,24.84,25.01,24.73,24.77,24.170206,4000,0.000115607
1/5/17,25.1,25.1,24.799999,24.93,24.326334,1500,4.33526E-05
1/6/17,25.01,25.01,24.98,24.98,24.375122,1300,3.75723E-05
1/9/17,24.98,24.98,24.98,24.98,24.375122,0,0
1/10/17,24.738001,24.738001,24.738001,24.738001,24.138983,300,8.67052E-06
1/11/17,24.58,24.59,24.554001,24.59,23.994566,1000,2.89017E-05
1/12/17,24.530001,25.009001,24.530001,25.009001,24.403418,2800,8.09249E-05
1/13/17,25.033001,25.139999,25.030001,25.103001,24.495146,2900,8.3815E-05
1/17/17,25.219999,25.27,25.200001,25.200001,24.589796,3600,0.000104046
1/18/17,25.1,25.120001,24.6,24.9,24.297058,2600,7.51445E-05
1/19/17,24.530001,24.889999,24.530001,24.709999,24.11166,1200,3.46821E-05
1/20/17,24.98,25.200001,24.98,25.18,24.570282,500,1.44509E-05
1/23/17,25.389999,25.799999,25.294001,25.780001,25.155752,11400,0.00032948
1/24/17,25.700001,25.799999,25.700001,25.799999,25.175268,300,8.67052E-06
1/25/17,25.85,26.07,25.773001,26.07,25.438728,1100,3.17919E-05
1/26/17,25.82,25.82,25.75,25.75,25.126474,900,2.60116E-05
1/27/17,25.969999,26.02,25.860001,25.879999,25.253326,5000,0.000144509
1/30/17,26.01,26.01,25.870001,25.870001,25.24357,1000,2.89017E-05
1/31/17,25.985001,25.99,25.889999,25.9,25.272844,2600,7.51445E-05
2/1/17,25.697001,26.200001,25.697001,26.200001,25.56558,1700,4.91329E-05
2/2/17,26.219999,26.542,26.17,26.542,25.8993,2600,7.51445E-05
2/3/17,26.858,26.98,26.784,26.98,26.326693,600,1.7341E-05
2/6/17,26.98,26.98,26.6,26.889999,26.238873,2700,7.80347E-05
2/7/17,26.77,26.83,26.43,26.83,26.180325,1900,5.49133E-05
2/8/17,26.794001,26.879999,26.794001,26.879999,26.229113,1100,3.17919E-05
2/9/17,27.110001,27.146999,27.110001,27.146999,26.489649,400,1.15607E-05
2/10/17,27.34,27.41,27.34,27.379999,26.717007,1000,2.89017E-05
2/13/17,27.120001,27.5,27.120001,27.5,26.834101,5100,0.000147399
2/14/17,27.459999,27.530001,27.200001,27.530001,26.863375,1600,4.62428E-05
2/15/17,27.620001,27.75,27.591,27.75,27.078049,1200,3.46821E-05
2/16/17,27.565001,27.565001,27.565001,27.565001,26.897528,200,5.78035E-06
2/17/17,27.370001,27.370001,27.370001,27.370001,26.707249,100,2.89017E-06
2/21/17,27.35,28.059999,27.35,28.059999,27.380541,800,2.31214E-05
2/22/17,28.110001,28.110001,27.927,27.940001,27.263447,1300,3.75723E-05
2/23/17,27.719999,28.190001,27.719999,27.99,27.312237,1900,5.49133E-05
2/24/17,27.99,27.99,27.99,27.99,27.312237,0,0
2/27/17,27.83,27.83,27.74,27.75,27.078049,2000,5.78035E-05
2/28/17,27.59,27.59,27.5,27.5,26.834101,800,2.31214E-05
3/1/17,27.77,28.035999,27.459999,27.91,27.234175,2600,7.51445E-05
3/2/17,27.91,27.91,27.91,27.91,27.234175,0,0
3/3/17,27.85,27.879,27.723,27.761,27.088781,2300,6.6474E-05
3/6/17,28.07,28.110001,27.74,27.74,27.068293,2500,7.22543E-05
3/7/17,27.76,28.190001,27.76,28.083,27.402985,600,1.7341E-05
3/8/17,27.91,27.91,27.91,27.91,27.234175,300,8.67052E-06
3/9/17,27.083,27.083,27.083,27.083,26.4272,1000,2.89017E-05
3/10/17,27.799999,27.9,27.799999,27.9,27.224415,1300,3.75723E-05
3/13/17,27.9,27.9,27.827,27.827,27.153183,400,1.15607E-05
3/14/17,27.66,27.76,27.66,27.76,27.087807,400,1.15607E-05
3/15/17,27.700001,28.219999,27.700001,28.219999,27.536667,600,1.7341E-05
3/16/17,28.385,28.469999,28.385,28.469999,27.780613,600,1.7341E-05
3/17/17,28.343,28.399,28.343,28.398001,27.71036,5800,0.00016763
3/20/17,28.639999,28.719999,28.514999,28.677,27.982601,2700,7.80347E-05
3/21/17,28.6,28.6,27.959,28.327999,27.642052,1200,3.46821E-05
3/22/17,28.139999,28.139999,27.76,27.76,27.087807,3300,9.53757E-05
3/23/17,27.76,27.76,27.76,27.76,27.087807,0,0
3/24/17,27.76,27.76,27.76,27.76,27.087807,0,0
3/27/17,28.24,28.358999,28.24,28.296,27.610826,3000,8.67052E-05
3/28/17,28.355,28.440001,28.315001,28.379,27.691816,2800,8.09249E-05
3/29/17,28.25,28.25,28.25,28.25,27.565941,200,5.78035E-06
3/30/17,28.5,28.5,28.5,28.5,27.809887,300,8.67052E-06
3/31/17,28.639999,28.639999,28.639999,28.639999,27.946497,1300,3.75723E-05
4/3/17,28.969999,29,28.969999,29,28.297779,3000,8.67052E-05
4/4/17,29,29,28.865999,29,28.297779,1200,3.46821E-05
4/5/17,29.301001,29.450001,29.146999,29.224001,28.516357,2600,7.51445E-05
4/6/17,29.153,29.153,29.153,29.153,28.447075,300,8.67052E-06
4/7/17,29.153,29.153,29.153,29.153,28.447075,0,0
4/10/17,29.253,29.253,29.253,29.253,28.544655,700,2.02312E-05
4/11/17,29.299999,29.360001,29.299999,29.35,28.639305,800,2.31214E-05
4/12/17,29.42,29.42,29.1,29.1,28.395357,5700,0.00016474
4/13/17,29.049999,29.049999,29.049999,29.049999,28.346569,400,1.15607E-05
4/17/17,28.709999,29.74,28.709999,29.556,28.840319,1500,4.33526E-05
4/18/17,29.719999,29.719999,29.589001,29.589001,28.872519,1900,5.49133E-05
4/19/17,29.540001,29.540001,29.35,29.35,28.639305,2100,6.06936E-05
4/20/17,29.226,29.226,29.226,29.226,28.518309,300,8.67052E-06
4/21/17,29.156,29.156,29.110001,29.110001,28.405117,300,8.67052E-06
4/24/17,29.959999,29.959999,29.610001,29.610001,28.893009,400,1.15607E-05
4/25/17,29.52,29.700001,29.322001,29.700001,28.980833,1700,4.91329E-05
4/26/17,29.167999,29.25,29.167999,29.25,28.541727,500,1.44509E-05
4/27/17,29.285,29.285,29.25,29.25,28.541727,400,1.15607E-05
4/28/17,29.280001,29.280001,29.25,29.25,28.541727,200,5.78035E-06
5/1/17,29.629999,29.629999,29.504999,29.504999,28.790552,1400,4.04624E-05
5/2/17,30.09,30.09,30.09,30.09,29.361385,200,5.78035E-06
5/3/17,30.1,30.1,29.85,29.85,29.127199,800,2.31214E-05
5/4/17,29.635,29.67,29.6,29.613001,28.895935,1500,4.33526E-05
5/5/17,29.563999,29.563999,29.563999,29.563999,28.848122,400,1.15607E-05
5/8/17,29.639999,29.639999,29.596001,29.596001,28.879347,2000,5.78035E-05
5/9/17,30.059999,30.059999,30.059999,30.059999,29.332109,200,5.78035E-06
5/10/17,30.389999,30.450001,30.322001,30.450001,29.712671,3300,9.53757E-05
5/11/17,30.540001,30.540001,30.540001,30.540001,29.800489,600,1.7341E-05
5/12/17,30.700001,30.74,30.700001,30.716,29.972227,1100,3.17919E-05
5/15/17,31.16,31.16,30.893,30.98,30.229836,500,1.44509E-05
5/16/17,31.108999,31.108999,31.002001,31.09,30.337172,2300,6.6474E-05
5/17/17,30.521,30.870001,30.521,30.870001,30.122499,300,8.67052E-06
5/18/17,28.299999,28.879999,27.709999,28.766001,28.069448,8700,0.000251445
5/19/17,29.219999,29.440001,29.219999,29.440001,28.727125,800,2.31214E-05
5/22/17,29.051001,29.051001,28.75,29.007,28.304609,1000,2.89017E-05
5/23/17,29.009001,29.009001,29.009001,29.009001,28.306564,200,5.78035E-06
5/24/17,29.08,29.790001,29.08,29.790001,29.068653,2200,6.35838E-05
5/25/17,29.879,29.879,29.5,29.5,28.785673,1000,2.89017E-05
5/26/17,29.82,29.82,29.676001,29.676001,28.957413,400,1.15607E-05
5/30/17,29.83,29.83,29.040001,29.290001,28.580759,800,2.31214E-05
5/31/17,29.309999,29.309999,29.299999,29.309,28.599298,600,1.7341E-05
6/1/17,29.5,29.5,29.101,29.43,28.717367,1100,3.17919E-05
6/2/17,29.434999,29.434999,29.360001,29.360001,28.649065,600,1.7341E-05
6/5/17,29.700001,29.700001,29.139,29.4,28.688095,1900,5.49133E-05
6/6/17,29.639999,29.68,29.639999,29.68,28.961317,600,1.7341E-05
6/7/17,29.790001,29.790001,29.535,29.75,29.029621,1000,2.89017E-05
6/8/17,29.75,29.75,29.75,29.75,29.029621,0,0
6/9/17,29.709999,29.780001,29.35,29.77,29.049135,6900,0.000199422
6/12/17,29.77,29.77,29.77,29.77,29.049135,0,0
6/13/17,29.77,29.77,29.77,29.77,29.049135,0,0
6/14/17,29.58,29.700001,29.58,29.700001,28.980833,500,1.44509E-05
6/15/17,29.700001,29.700001,29.700001,29.700001,28.980833,0,0
6/16/17,30,30,30,30,29.273565,100,2.89017E-06
6/19/17,30.01,30.01,30.01,30.01,29.283323,800,2.31214E-05
6/20/17,29.693001,29.693001,29.693001,29.693001,28.974001,400,1.15607E-05
6/21/17,29.290001,29.290001,29.290001,29.290001,28.580759,300,8.67052E-06
6/22/17,28.75,29.32,28.75,29.25,28.541727,500,1.44509E-05
6/23/17,29.23,29.327999,28.77,29.261,28.55246,11300,0.00032659
6/26/17,29.65,29.65,29.65,29.65,28.932039,100,2.89017E-06
6/27/17,29.65,29.65,29.65,29.65,28.932039,0,0
6/28/17,29.65,29.65,29.65,29.65,28.932039,0,0
6/29/17,29.65,29.65,29.65,29.65,28.932039,0,0
6/30/17,29.549999,29.639999,29.186001,29.639999,28.922285,400,1.15607E-05
7/3/17,29.516001,29.516001,29.516001,29.516001,28.801287,300,8.67052E-06
7/5/17,29.516001,29.516001,29.516001,29.516001,28.801287,0,0
7/6/17,29.516001,29.516001,29.516001,29.516001,28.801287,0,0
7/7/17,29.129999,29.129999,29.129999,29.129999,28.424633,300,8.67052E-06
7/10/17,29.15,29.5,29.15,29.5,28.785673,1000,2.89017E-05
7/11/17,30.059999,30.059999,29.674999,29.674999,28.956434,1600,4.62428E-05
7/12/17,30.120001,30.395,30.120001,30.395,29.659,300,8.67052E-06
7/13/17,30.16,30.26,30.16,30.26,29.527271,900,2.60116E-05
7/14/17,30.591,30.591,30.591,30.591,29.850256,200,5.78035E-06
7/17/17,31.059999,31.118999,31.059999,31.118999,30.365471,200,5.78035E-06
7/18/17,31.190001,31.190001,31.1,31.115999,30.362541,600,1.7341E-05
7/19/17,31.115999,31.115999,31.115999,31.115999,30.362541,0,0
7/20/17,31.27,31.27,31.27,31.27,30.512814,900,2.60116E-05
7/21/17,31.27,31.27,31.27,31.27,30.512814,0,0
7/24/17,31.27,31.27,30.950001,31.25,30.493298,3800,0.000109827
7/25/17,31.249001,31.249001,31.079,31.079,30.326437,1100,3.17919E-05
7/26/17,30.65,31.33,30.610001,31.33,30.571362,1600,4.62428E-05
7/27/17,31.33,31.33,31.33,31.33,30.571362,0,0
7/28/17,31.33,31.33,31.33,31.33,30.571362,0,0
7/31/17,31.33,31.33,31.33,31.33,30.571362,100,2.89017E-06
8/1/17,31.33,31.33,31.33,31.33,30.571362,400,1.15607E-05
8/2/17,31.01,31.169001,31,31.127001,30.373278,1500,4.33526E-05
8/3/17,31.167,31.169001,31.167,31.169001,30.414261,300,8.67052E-06
8/4/17,31.17,31.17,31,31,30.24935,2800,8.09249E-05
8/7/17,31.1,31.1,31.1,31.1,30.34693,100,2.89017E-06
8/8/17,31.33,31.33,31.190001,31.190001,30.43475,5000,0.000144509
8/9/17,31.190001,31.190001,31.190001,31.190001,30.43475,0,0
8/10/17,31,31,30.540001,30.93,30.181046,6300,0.000182081
8/11/17,30.93,30.93,30.93,30.93,30.181046,0,0
8/14/17,31.33,31.33,31.245001,31.245001,30.488419,500,1.44509E-05
8/15/17,30.771,30.85,30.77,30.85,30.102983,8000,0.000231214
8/16/17,31.049999,31.09,31,31.049,30.297165,7000,0.000202312
8/17/17,31.014999,31.040001,30.716,30.84,30.093225,2600,7.51445E-05
8/18/17,30.6,31.110001,30.584999,31.110001,30.356689,3200,9.24855E-05
8/21/17,31.110001,31.110001,31.110001,31.110001,30.356689,0,0
8/22/17,31.030001,31.42,31.011999,31.200001,30.44451,600,1.7341E-05
8/23/17,30.99,31.163,30.99,31.163,30.408403,300,8.67052E-06
8/24/17,31.163,31.163,31.163,31.163,30.408403,0,0
8/25/17,31.173,31.184,31.1,31.1,30.34693,1700,4.91329E-05
8/28/17,31.229,31.298,31.229,31.298,30.540136,300,8.67052E-06
8/29/17,31.298,31.298,31.298,31.298,30.540136,0,0
8/30/17,31.35,31.35,31.166,31.166,30.411331,400,1.15607E-05
8/31/17,31.166,31.166,31.166,31.166,30.411331,0,0
9/1/17,31.639999,31.639999,31.339001,31.42,30.659182,2400,6.93642E-05
9/5/17,31.9,31.9,31.6,31.719,30.950943,1100,3.17919E-05
9/6/17,32.029999,32.029999,31.799999,31.878,31.106091,600,1.7341E-05
9/7/17,32.43,32.43,32.060001,32.060001,31.283686,1800,5.20231E-05
9/8/17,32.189999,32.199001,32.088001,32.088001,31.311008,1700,4.91329E-05
9/11/17,32.560001,32.560001,32.153999,32.153999,31.37541,53700,0.001552023
9/12/17,32.400002,32.400002,32.220001,32.23,31.449566,2900,8.3815E-05
9/13/17,32.07,32.099998,31.92,32,31.225138,3200,9.24855E-05
9/14/17,31.879999,32.099998,31.879999,32.099998,31.322714,3100,8.95954E-05
9/15/17,32.169998,32.541,32.080002,32.541,31.753038,2900,8.3815E-05
9/18/17,32.59,32.678001,32.59,32.639999,31.849638,1500,4.33526E-05
9/19/17,32.240002,32.240002,32.240002,32.240002,31.45933,200,5.78035E-06
9/20/17,32.25,32.689999,32.25,32.57,31.781336,1000,2.89017E-05
9/21/17,32.330002,32.459999,32.330002,32.360001,31.576422,700,2.02312E-05
9/22/17,32,32.5,32,32.419998,31.634966,600,1.7341E-05
9/25/17,32,32,31.754999,32,31.225138,1200,3.46821E-05
9/26/17,32,32,32,32,31.225138,900,2.60116E-05
9/27/17,31.700001,31.700001,31,31.379999,30.620148,800,2.31214E-05
9/28/17,31.379999,31.379999,31.379999,31.379999,30.620148,0,0
9/29/17,31.690001,31.690001,31.690001,31.690001,30.922644,200,5.78035E-06
10/2/17,31.690001,31.690001,31.690001,31.690001,30.922644,0,0
10/3/17,31.763,32.029999,31.763,32.029999,31.25441,800,2.31214E-05
10/4/17,32.200001,32.200001,32.200001,32.200001,31.420298,100,2.89017E-06
10/5/17,32.049999,32.195,32.049999,32.195,31.415415,1500,4.33526E-05
10/6/17,32.195,32.195,32.195,32.195,31.415415,0,0
10/9/17,31.780001,31.780001,31.120001,31.23,30.473783,7500,0.000216763
10/10/17,31.42,31.530001,31.01,31.02,30.268867,1500,4.33526E-05
10/11/17,30.969999,30.969999,30.969999,30.969999,30.220078,300,8.67052E-06
10/12/17,30.969999,30.969999,30.969999,30.969999,30.220078,0,0
10/13/17,31.120001,31.120001,31.120001,31.120001,30.366446,400,1.15607E-05
10/16/17,31.120001,31.120001,31.120001,31.120001,30.366446,0,0
10/17/17,31.15,31.15,30.92,30.92,30.171291,5900,0.00017052
10/18/17,31.264,31.264,31.264,31.264,30.50696,800,2.31214E-05
10/19/17,31.17,31.27,31.023001,31.023001,30.271795,1200,3.46821E-05
10/20/17,31.1,31.1,31.1,31.1,30.34693,300,8.67052E-06
10/23/17,30.823,30.92,30.35,30.35,29.615093,5400,0.000156069
10/24/17,30.426001,30.426001,30.16,30.16,29.429691,3000,8.67052E-05
10/25/17,30.42,30.42,30.111,30.219999,29.488239,2900,8.3815E-05
10/26/17,30.548,30.548,30.450001,30.450001,29.712671,300,8.67052E-06
10/27/17,30.450001,30.450001,30.450001,30.450001,29.712671,0,0
10/30/17,29.879999,29.879999,29.74,29.74,29.019861,2900,8.3815E-05
10/31/17,29.74,29.74,29.74,29.74,29.019861,0,0
11/1/17,30.035999,30.035999,30.035999,30.035999,29.308693,300,8.67052E-06
11/2/17,30.360001,30.360001,30.219999,30.219999,29.488239,400,1.15607E-05
11/3/17,30.219999,30.219999,30.219999,30.219999,29.488239,0,0
11/6/17,30.219999,30.219999,30.219999,30.219999,29.488239,0,0
11/7/17,30.098,30.098,30.098,30.098,29.369194,500,1.44509E-05
11/8/17,30.09,30.200001,29.99,30.200001,29.468723,3100,8.95954E-05
11/9/17,30.209,30.209,30.014,30.02,29.293083,1700,4.91329E-05
11/10/17,29.709999,29.85,29.709999,29.75,29.029621,2600,7.51445E-05
11/13/17,29.690001,29.690001,29.209999,29.496,28.781771,4700,0.000135838
11/14/17,29.65,29.65,29.089001,29.15,28.444149,4000,0.000115607
11/15/17,29.040001,29.099001,28.6,28.978001,28.276314,3200,9.24855E-05
11/16/17,29.15,29.521999,29.139999,29.43,28.717367,12900,0.000372832
11/17/17,29.889999,29.889999,29.629999,29.761,29.040354,5000,0.000144509
11/20/17,29.98,29.98,29.532,29.6,28.883251,8400,0.000242775
11/21/17,29.5,29.701,29.440001,29.540001,28.824703,5300,0.000153179
11/22/17,29.639999,29.639999,29.226,29.549,28.833487,5000,0.000144509
11/24/17,29.879999,29.879999,29.65,29.732,29.012056,4600,0.000132948
11/27/17,29.700001,29.76,29.700001,29.73,29.010103,10300,0.000297688
11/28/17,29.82,30.079,29.534,29.940001,29.215019,14800,0.000427746
11/29/17,30.110001,30.110001,29.76,29.76,29.039377,6800,0.000196532
11/30/17,29.709999,29.709999,29.35,29.35,28.639305,2600,7.51445E-05
12/1/17,29.26,29.549999,29.25,29.52,28.805189,5700,0.00016474
12/4/17,29.75,29.75,29.445999,29.604,28.887154,15100,0.000436416
12/5/17,29.83,29.83,29.530001,29.549999,28.834461,10800,0.000312139
12/6/17,29.209999,29.51,29.188,29.33,28.619789,7400,0.000213873
12/7/17,29.139999,29.200001,28.983999,29.132999,28.427561,7600,0.000219653
12/8/17,29.469999,29.469999,29.09,29.094999,28.39048,5500,0.00015896
12/11/17,29.35,29.35,29.1,29.118,28.412924,13000,0.000375723
12/12/17,29.110001,29.285,28.65,29.285,28.57588,11400,0.00032948
12/13/17,29.549999,29.549999,29.135,29.139999,28.434391,7000,0.000202312
12/14/17,29.25,29.25,28.944,29.030001,28.327053,4700,0.000135838
12/15/17,29.23,29.23,28.965,29.135,28.429512,12700,0.000367052
12/18/17,29.74,29.9,29.625,29.74,29.019861,19300,0.000557803
12/19/17,29.799999,29.799999,29.25,29.375,28.6637,9800,0.000283237
12/20/17,29.42,29.42,29.16,29.200001,28.492937,10700,0.000309249
12/21/17,29.25,29.25,29.049999,29.16,28.453907,23600,0.000682081
12/22/17,29.23,29.275,29,29.243,28.534899,24300,0.000702312
12/26/17,1.11,1.11,1.11,1.11,1.083122,0,0
12/27/17,32.099998,32.099998,30,30.110001,29.380903,402500,0.011632948
12/28/17,30.5,32.437,30.5,32,31.225138,1012400,0.029260116
12/29/17,33.16,34.240002,31.25,32.57,31.781336,1855600,0.053630058
1/2/18,33.669998,35.669998,33.119999,35.57,34.708691,4900800,0.141641618
1/3/18,37.349998,38.376999,36.220001,37.810001,36.894455,5998600,0.173369942
1/4/18,36.84,36.900002,34.150002,35.470001,34.611111,6674700,0.192910405
1/5/18,35.209999,36.880001,34.57,36.450001,35.567383,2540600,0.073427746
1/8/18,37.580002,38.439999,37,38.419998,37.489681,2816500,0.081401734
1/9/18,39.200001,39.259998,36.650002,37.900002,36.982277,3114700,0.090020231
1/10/18,37.950001,38.400002,37.130001,37.59,36.679775,924000,0.026705202
1/11/18,37.439999,37.439999,35.459999,35.700001,34.835541,2026500,0.058569364
1/12/18,35.450001,35.450001,32.93,33.580002,32.766876,2849800,0.082364162
1/16/18,35.849998,36.5,35,35.23,34.376919,1585900,0.04583526
1/17/18,35.77,36,35.23,35.830002,34.962399,815300,0.023563584
1/18/18,35.439999,36.150002,35.400002,36.07,35.196583,664000,0.019190751
1/19/18,36.32,36.490002,36.169998,36.48,35.596657,483200,0.013965318
1/22/18,37.099998,38,37,37.990002,37.070095,1262500,0.036488439
1/23/18,38.889999,38.950001,37.849998,38.84,37.899513,2277700,0.06582948
1/24/18,39.5,39.720001,38.34,38.59,37.655563,1683600,0.04865896
1/25/18,38.93,39,37.009998,37.330002,36.426079,1134800,0.032797688
1/26/18,37,37.990002,36.240002,37.650002,36.738323,1196900,0.034592486
1/29/18,38.110001,38.18,36.59,36.639999,35.752781,870300,0.025153179
1/30/18,36.110001,36.200001,34.689999,34.75,33.908546,1391200,0.040208092
1/31/18,35.040001,35.939999,34.830002,35.099998,34.250069,889600,0.025710983
2/1/18,35.099998,35.349998,32.709999,32.91,32.113102,1538200,0.044456647
2/2/18,32.049999,32.189999,30.049999,30.42,29.683395,3995900,0.115488439
2/5/18,29.360001,32.400002,28.9,30.34,29.605335,1923800,0.055601156
2/6/18,30.290001,33.290001,30.290001,33.240002,32.435112,1257800,0.036352601
2/7/18,33.700001,33.93,31.73,32.209999,31.43005,888400,0.025676301
2/8/18,32.720001,33,31.42,31.59,30.825064,544400,0.015734104
2/9/18,31.690001,32.25,30.360001,32.029999,31.25441,530300,0.01532659
2/12/18,32.73,32.82,31.785,32.400002,31.615452,476500,0.013771676
2/13/18,32.150002,32.43,32,32.369999,31.586176,249300,0.007205202
2/14/18,32.799999,33.25,32.400002,33.169998,32.366806,412100,0.011910405
2/15/18,33.73,33.73,32.810001,33.299999,32.49366,397300,0.011482659
2/16/18,33.009998,33.09,32.200001,32.389999,31.60569,338000,0.009768786
2/20/18,32.650002,33.099998,32.349998,32.720001,31.927704,445700,0.012881503
2/21/18,33.099998,33.138,32.5,32.5,31.713032,318100,0.009193642
2/22/18,32.400002,32.785,32.049999,32.139999,31.361748,176300,0.005095376
2/23/18,32.700001,32.709999,31.76,31.959999,31.186106,276200,0.007982659
2/26/18,32.27,32.472,31.77,31.959999,31.186106,248500,0.007182081
2/27/18,32.02,32.18,30.573,30.85,30.102983,562300,0.016251445
2/28/18,30.91,31.959999,30.68,31.799999,31.02998,336900,0.009736994
3/1/18,31.799999,32.580002,31.5,32.48,31.693516,308100,0.008904624
3/2/18,32.099998,32.549999,31.885,32.439999,31.65448,155900,0.00450578
3/5/18,32.34,33.400002,32.327999,33.310001,32.503414,275400,0.007959538
3/6/18,33.689999,34.240002,33.501999,33.73,32.913246,391700,0.011320809
3/7/18,33.490002,33.779999,33.048,33.290001,32.483898,293500,0.008482659
3/8/18,33.5,33.799,32.869999,33.290001,32.483898,192000,0.005549133
3/9/18,33.689999,33.689999,32.959999,33.130001,32.327774,243900,0.007049133
3/12/18,33.220001,33.398998,32.750999,33.09,32.288742,174700,0.005049133
3/13/18,33.150002,33.238998,32.68,32.68,31.88867,149300,0.004315029
3/14/18,32.77,32.900002,32.250999,32.299999,31.517872,196300,0.00567341
3/15/18,32.299999,32.400002,31.879999,32.040001,31.264168,215700,0.006234104
3/16/18,32.200001,32.251999,31.6,31.700001,30.932402,342800,0.009907514
3/19/18,31.65,32.400002,31.65,32.110001,31.332476,193900,0.005604046
3/20/18,32.25,32.25,31.74,31.809999,31.083298,136600,0.003947977
3/21/18,32,32.02,31.629999,31.75,31.024672,193600,0.005595376
3/22/18,31.450001,31.5,30.459999,30.51,29.812998,394500,0.011401734
3/23/18,30.98,31.605,30.667999,30.75,30.047516,192700,0.005569364
3/26/18,31.01,31.190001,30.25,30.76,30.057287,299200,0.008647399
3/27/18,30.799999,30.85,29.379999,29.6,28.923786,455900,0.013176301
3/28/18,29.48,29.68,28.469999,28.629999,27.975946,546900,0.015806358
3/29/18,29,29.700001,28.75,29.52,28.845613,271700,0.007852601
4/2/18,29.25,29.499001,28.09,28.18,27.536226,379000,0.010953757
4/3/18,28.200001,28.9,27.049999,27.27,26.647017,378800,0.010947977
4/4/18,26.690001,27.5,26.02,27.5,26.871759,619800,0.017913295
4/5/18,27.85,28.25,27.65,28.1,27.458057,174400,0.005040462
4/6/18,27.799999,27.889999,27.15,27.43,26.80336,178500,0.00515896
4/9/18,27.549999,27.629999,26.620001,26.65,26.04118,189300,0.005471098
4/10/18,26.82,27.67,26.040001,27.49,26.861988,363500,0.01050578
4/11/18,27.25,28.18,27.25,27.860001,27.223537,233600,0.006751445
4/12/18,28.23,28.299999,27.870001,28.25,27.604628,163300,0.004719653
4/13/18,28.4,29.879999,28.049999,29.59,28.914013,1469100,0.042459538
4/16/18,30.33,30.33,29.77,29.98,29.295105,600900,0.017367052
4/17/18,30.23,30.374001,29.530001,29.700001,29.021505,335300,0.009690751
4/18/18,29.9,29.9,29.200001,29.43,28.757669,167400,0.00483815
4/19/18,29.48,29.57,28.809999,29.290001,28.620869,393500,0.011372832
4/20/18,29.57,29.624001,29.129999,29.35,28.679497,332300,0.009604046
4/23/18,29.35,29.374001,28.530001,28.6,27.946632,241500,0.006979769
4/24/18,28.74,29.065001,28.124001,28.530001,27.878231,213800,0.006179191
4/25/18,28.5,28.5,28,28.379999,27.731657,156300,0.004517341
4/26/18,28.42,28.549999,28.110001,28.17,27.526455,142500,0.004118497
4/27/18,28.209999,28.389,28.01,28.07,27.42874,106700,0.003083815
4/30/18,28.360001,28.905001,28.360001,28.700001,28.044348,150300,0.004343931
5/1/18,28.74,28.819,28.110001,28.469999,27.819599,147300,0.004257225
5/2/18,28.5,29,28.313,28.549999,27.897772,124100,0.003586705
5/3/18,28.6,28.889999,28.341,28.49,27.839144,226000,0.006531792
5/4/18,28.700001,28.992001,28.5,28.940001,28.278864,101900,0.002945087
5/7/18,28.940001,29.57,28.940001,29.34,28.669727,221000,0.006387283
5/8/18,29.33,29.389999,28.700001,28.77,28.112747,195000,0.005635838
5/9/18,29.049999,29.34,28.92,29.32,28.650183,98900,0.002858382
5/10/18,29.469999,29.6,29.357,29.6,28.923786,121000,0.00349711
5/11/18,29.73,30.09,29.625,30.059999,29.373274,174200,0.005034682
5/14/18,30.76,30.99,30.5,30.639999,29.940027,540300,0.015615607
5/15/18,30.75,30.950001,30,30.34,29.646883,256200,0.007404624
5/16/18,30.6,30.6,30.02,30.08,29.392818,173700,0.005020231
5/17/18,30.200001,30.200001,29.629999,29.75,29.07036,169100,0.004887283
5/18/18,29.77,30.469999,29.708,30.450001,29.75437,207200,0.005988439
5/21/18,30.469999,31.188999,30.469999,31.129999,30.418833,419900,0.012135838
5/22/18,31.25,31.299999,30.549999,30.74,30.037743,265100,0.00766185
5/23/18,30.700001,30.868,30.459999,30.77,30.067059,147200,0.004254335
5/24/18,30.85,30.914,30.299999,30.379999,29.685966,144600,0.004179191
5/25/18,30.26,30.492001,29.77,29.91,29.226704,171000,0.004942197
5/29/18,29.91,30.129,29.440001,29.68,29.001961,140200,0.004052023
5/30/18,29.959999,29.98,29.74,29.9,29.216932,76600,0.002213873
5/31/18,29.85,30.049999,29.65,29.809999,29.12899,91000,0.002630058
6/1/18,29.950001,29.950001,29.540001,29.549999,28.874928,86700,0.00250578
6/4/18,29.65,30.299999,29.6,30.15,29.461222,180100,0.005205202
6/5/18,30.27,31.190001,30.200001,31.110001,30.399292,412600,0.011924855
6/6/18,31.6,32.259998,31.299999,32.259998,31.52302,459600,0.013283237
6/7/18,32.5,32.700001,31.327999,31.77,31.044214,312400,0.009028902
6/8/18,31.85,31.85,30.68,31.5,30.78038,539100,0.015580925
6/11/18,31.5,31.5,31,31.049999,30.34066,203600,0.005884393
6/12/18,31.1,31.1,30.35,30.43,29.734825,218500,0.006315029
6/13/18,30.450001,30.629999,30.245001,30.299999,29.607794,121200,0.00350289
6/14/18,30.379999,30.58,30.051001,30.209999,29.51985,195500,0.005650289
6/15/18,30.01,30.33,29.700001,29.99,29.304876,167900,0.004852601
6/18/18,29.950001,30.139999,29.761999,30.059999,29.373274,79500,0.002297688
6/19/18,29.92,30.389999,29.83,30.209999,29.588753,147400,0.004260116
6/20/18,31,31,30.318001,30.92,30.284155,262700,0.007592486
6/21/18,31.08,31.809999,31.08,31.719999,31.067701,417200,0.012057803
6/22/18,32,32.240002,31.09,31.200001,30.558395,250900,0.007251445
6/25/18,31.01,31.25,30.200001,30.32,29.696491,180700,0.005222543
6/26/18,30.52,30.559999,29.530001,29.83,29.216568,208300,0.006020231
6/27/18,29.870001,29.870001,28.049999,28.18,27.6005,462900,0.013378613
6/28/18,28.200001,29.379999,28.15,29.379999,28.775822,254400,0.007352601
6/29/18,29.82,29.82,29.110001,29.4,28.79541,129000,0.003728324
7/2/18,29.4,29.459999,29.25,29.4,28.79541,86100,0.002488439
7/3/18,29.6,29.768999,29.4,29.530001,28.922739,59700,0.001725434
7/5/18,29.65,29.73,29.290001,29.549999,28.942324,107400,0.003104046
7/6/18,29.610001,29.9,29.549999,29.780001,29.167597,66500,0.001921965
7/9/18,30.1,30.110001,29.58,29.629999,29.020679,121400,0.003508671
7/10/18,29.65,29.74,29.360001,29.49,28.88356,132700,0.00383526
7/11/18,29.200001,29.65,29.055,29.35,28.746439,67700,0.001956647
7/12/18,29.389999,29.450001,29.200001,29.209999,28.609318,93700,0.002708092
7/13/18,29.209999,29.209999,28.76,28.83,28.237133,120700,0.003488439
7/16/18,28.879999,28.9,27.809999,27.860001,27.287081,241300,0.006973988
7/17/18,27.700001,27.77,27.145,27.43,26.865921,199400,0.005763006
7/18/18,27.27,27.875,27.013,27.860001,27.287081,135500,0.003916185
7/19/18,27.65,27.839001,27.400999,27.440001,26.875717,92800,0.002682081
7/20/18,27.450001,27.704,27.219999,27.26,26.699419,239300,0.006916185
7/23/18,27.27,27.929001,27.26,27.65,27.081398,113100,0.003268786
7/24/18,27.860001,27.9,26.99,27.129999,26.572092,289200,0.008358382
7/25/18,27.209999,27.379999,26.931,26.959999,26.405586,217300,0.006280347
7/26/18,26.77,26.879999,26.379999,26.4,25.857103,396100,0.011447977
7/27/18,26.530001,26.819,26.459999,26.49,25.945251,182900,0.005286127
7/30/18,26.66,27.063,26.52,26.6,26.052992,93400,0.002699422
7/31/18,26.639999,26.959999,26.424999,26.940001,26.385998,109800,0.00317341
8/1/18,27.01,27.356001,26.903999,26.91,26.356615,99500,0.002875723
8/2/18,26.860001,27.049999,26.712,26.83,26.278261,155700,0.0045
8/3/18,26.860001,27.110001,26.712,26.77,26.219494,86000,0.002485549
8/6/18,26.700001,26.9,26.700001,26.780001,26.22929,70600,0.002040462
8/7/18,26.780001,26.945,26.5,26.52,25.974638,88700,0.002563584
8/8/18,26.559999,26.73,26.559999,26.610001,26.062786,83700,0.002419075
8/9/18,26.690001,27.02,26.655001,26.98,26.425175,115700,0.003343931
8/10/18,26.75,26.92,26.5,26.549999,26.004019,71600,0.002069364
8/13/18,26.5,26.549999,25.6,25.82,25.28903,199800,0.005774566
8/14/18,25.75,25.879999,25.1,25.200001,24.681782,236700,0.00684104
8/15/18,26.309999,27.16,25.878,27.059999,26.503532,448500,0.012962428
8/16/18,27.24,27.24,26.65,26.85,26.29785,239500,0.006921965
8/17/18,26.629999,27.280001,26.530001,27.23,26.670034,211200,0.006104046
8/20/18,27.5,28.885,27.458,28.83,28.237133,371800,0.010745665
8/21/18,29.5,30.1,29,29.82,29.206774,591500,0.017095376
8/22/18,29.719999,30.25,29.01,30.23,29.608343,385400,0.011138728
8/23/18,30.33,30.629999,29.82,30.48,29.853201,309400,0.008942197
8/24/18,31,32.349998,30.9,32.330002,31.665159,862100,0.024916185
8/27/18,33.599998,34.549999,33.200001,33.830002,33.134315,1466000,0.042369942
8/28/18,33.610001,33.638,31.549999,32.540001,31.87084,882200,0.02549711
8/29/18,33.310001,34.400002,32.990002,34.400002,33.692593,1149100,0.033210983
8/30/18,34.150002,34.380001,32.654999,33.02,32.340969,1033700,0.029875723
8/31/18,33.040001,33.810001,32.952,33.48,32.791508,700200,0.020236994
9/4/18,34.209999,34.990002,33.860001,34.959999,34.241074,961100,0.027777457
9/5/18,36.080002,36.380001,33.902,35.099998,34.378189,1152200,0.033300578
9/6/18,34.77,34.77,33.226002,34.34,33.633823,743300,0.021482659
9/7/18,34.25,35.623001,34.25,34.810001,34.094162,495800,0.01432948
9/10/18,35.560001,36,35.099998,35.98,35.240097,739900,0.021384393
9/11/18,36.259998,37.356998,35.75,37.259998,36.493774,1319500,0.038135838
9/12/18,37.599998,38.5,36.5,37.700001,36.924728,1505400,0.043508671
9/13/18,38.299999,38.299999,34.919998,35.330002,34.603466,1154400,0.033364162
9/14/18,33.93,36.299,33.509998,35.77,35.03442,1045100,0.030205202
9/17/18,36.849998,37.400002,36.342999,37.150002,36.38604,1082300,0.031280347
9/18/18,38.560001,41.5,38.25,39.68,38.86401,2468900,0.071355491
9/19/18,43.650002,45.398998,38.25,41.209999,40.362545,5218600,0.15082659
9/20/18,42.549999,43.689999,41.209999,43.009998,42.125526,2461500,0.071141618
9/21/18,42.700001,42.860001,39.23,39.5,38.687714,2412700,0.069731214
9/24/18,38.32,39.863998,37.349998,39.27,38.46244,1311700,0.037910405
9/25/18,40.799999,40.945999,39.200001,39.360001,38.599739,1106100,0.031968208
9/26/18,40.049999,40.150002,38.740002,38.939999,38.187847,892300,0.025789017
9/27/18,39,39.240002,38.209999,38.720001,37.972099,979100,0.028297688
9/28/18,38.869999,40.150002,38.650002,40.049999,39.276409,653600,0.018890173
10/1/18,41.23,41.48,40.23,40.700001,39.913857,1024100,0.029598266
10/2/18,40.419998,40.52,38.459999,38.66,37.913258,899800,0.02600578
10/3/18,39.299999,40.16,38.5,40.040001,39.266602,706700,0.020424855
10/4/18,39.860001,40.040001,38.5,39.09,38.334953,630300,0.018216763
10/5/18,39.740002,39.849998,37.811001,38.82,38.070168,603700,0.017447977
10/8/18,39.189999,39.599998,38.5,39.41,38.648769,628200,0.018156069
10/9/18,39.990002,39.990002,39.029999,39.240002,38.482056,585300,0.016916185
10/10/18,40,40,37.5,38.23,37.491562,943500,0.027268786
10/11/18,37.619999,38,37.209999,37.419998,36.697208,670700,0.019384393
10/12/18,38.849998,39.32,38.099998,39.23,38.472248,900900,0.026037572
10/15/18,39.990002,42.580002,39.860001,42.48,41.65947,1730200,0.05000578
10/16/18,44.200001,44.290001,40.290001,40.900002,40.109993,2007800,0.058028902
10/17/18,39.700001,40.16,37.875,39.709999,38.942974,1457100,0.042112717
10/18/18,39.950001,40.66,39.200001,39.400002,38.638966,884000,0.025549133
10/19/18,39.869999,40.200001,36.790001,37.5,36.775665,1484500,0.042904624
10/22/18,37.599998,37.616001,33.130001,33.990002,33.333462,2460000,0.071098266
10/23/18,31.360001,34.310001,30.950001,33.009998,32.372391,1893800,0.054734104
10/24/18,33.880001,34.09,31.27,31.43,30.82291,1036700,0.029962428
10/25/18,31.41,33.139999,31.309999,32.27,31.646685,945300,0.027320809
10/26/18,31.85,32.830002,31.309999,31.99,31.372093,658200,0.019023121
10/29/18,32.380001,32.813999,28.610001,29.219999,28.655598,1206200,0.034861272
10/30/18,28.309999,30.27,28.211,29.74,29.165554,852000,0.024624277
10/31/18,30.440001,31.379999,30.028999,31.02,30.42083,865400,0.025011561
11/1/18,31.440001,31.999001,30.812,31.809999,31.19557,603800,0.017450867
11/2/18,32.049999,32.380001,31.57,32.299999,31.676105,606200,0.017520231
11/5/18,32.540001,33.540001,31.959999,33.419998,32.774471,749600,0.02166474
11/6/18,33.52,34.900002,32.875999,34.279999,33.617859,1359000,0.039277457
11/7/18,35.349998,36.970001,34.042,36.700001,35.991116,2726200,0.078791908
11/8/18,36.099998,36.150002,34.25,34.459999,33.794384,1225000,0.035404624
11/9/18,34,34.049999,32.5,32.509998,31.882046,792600,0.022907514
11/12/18,33.290001,33.290001,31.094999,31.870001,31.254412,806700,0.023315029
11/13/18,31.49,31.962,30.67,30.85,30.254114,589500,0.017037572
11/14/18,30.219999,30.530001,28.610001,29.5,28.930189,1287000,0.037196532
11/15/18,29.58,31.59,29.395,31.17,30.56793,638400,0.018450867
11/16/18,31.139999,31.610001,30.6,30.639999,30.048168,361100,0.010436416
11/19/18,30.610001,30.610001,29.25,29.5,28.930189,541800,0.01565896
11/20/18,28.5,29.799999,28.200001,28.9,28.341778,650100,0.018789017
11/21/18,29.49,30,29.25,29.700001,29.126328,476800,0.013780347
11/23/18,29.59,30.15,29.290001,30.049999,29.469564,339200,0.009803468
11/26/18,30.440001,30.860001,28.870001,29.01,28.449654,468000,0.013526012
11/27/18,29,29.35,28.518999,28.65,28.096607,375000,0.01083815
11/28/18,28.937,29.77,28.9,29.77,29.194975,513900,0.014852601
11/29/18,29.700001,29.780001,28.9,29.290001,28.724247,290900,0.008407514
11/30/18,29.360001,29.405001,28.771,29.360001,28.792894,368300,0.010644509
12/3/18,29.85,30.837999,28.35,29.1,28.537914,2254500,0.06515896
12/4/18,29.200001,29.41,28,28.1,27.557232,628100,0.018153179
12/6/18,26.4,27.76,26.1,27.549999,27.017855,921100,0.026621387
12/7/18,29.9,29.9,28.59,28.92,28.361391,964000,0.027861272
12/10/18,28.92,29.43,27.889999,28.6,28.047575,745900,0.021557803
12/11/18,28.9,29.190001,28.455,29.08,28.518301,591000,0.017080925
12/12/18,29.26,29.389999,28.32,28.389999,27.841629,634900,0.018349711
12/13/18,28.67,28.780001,27.120001,27.450001,26.919786,678800,0.019618497
12/14/18,27,27.85,26.65,27.23,26.704035,412100,0.011910405
12/17/18,27.08,27.49,26.15,26.4,25.890066,649700,0.018777457
12/18/18,26.59,26.93,26.15,26.549999,26.03717,441500,0.012760116
12/19/18,26.75,26.969999,25.629999,25.85,25.350691,520500,0.015043353
12/20/18,26.120001,26.190001,24.858,25.27,24.781895,820700,0.023719653
12/21/18,25.719999,25.719999,23.978001,24.18,23.712948,1440900,0.041644509
12/24/18,23.299999,24,23.01,23.66,23.583368,699700,0.020222543
12/26/18,23.93,24.18,23.337999,24.18,24.101685,574300,0.016598266
12/27/18,24.1,24.32,23.26,24.139999,24.061813,490900,0.014187861
12/28/18,24.48,25.459999,24.15,25.15,25.068542,777800,0.022479769
12/31/18,25.530001,25.700001,24.75,24.940001,24.859224,732600,0.02117341
1/2/19,24.74,26.5,24.549999,26.42,26.334429,802400,0.023190751
1/3/19,26.4,27.18,26.02,26.440001,26.354364,665500,0.019234104
1/4/19,26.879999,27.299999,26.719999,27.09,27.00226,483500,0.013973988
1/7/19,27.5,27.84,27.1,27.84,27.74983,643400,0.018595376
1/8/19,28.139999,28.290001,27.1,27.799999,27.709959,664900,0.019216763
1/9/19,28,29.129999,27.809999,28.99,28.896105,827000,0.023901734
1/10/19,28.98,30,28.6,29.59,29.494162,1042200,0.030121387
1/11/19,29.879999,31.32,29.58,30.780001,30.680309,1364500,0.039436416
1/14/19,30.84,31.51,30.4,31.290001,31.188658,1097200,0.031710983
1/15/19,31.5,31.58,30.030001,30.280001,30.181929,1094500,0.031632948
1/16/19,30.540001,30.889999,30.200001,30.68,30.580631,626200,0.018098266
1/17/19,30.4,30.898001,30.110001,30.6,30.500891,540000,0.015606936
1/18/19,30.950001,31.299999,30.610001,31.02,30.919531,814100,0.023528902
1/22/19,31.23,31.65,30.700001,30.940001,30.83979,932000,0.026936416
1/23/19,31.27,31.316999,30.1,30.65,30.550728,490600,0.014179191
1/24/19,30.6,31.24,30.5,31.209999,31.108913,541200,0.015641618
1/25/19,31.799999,32.099998,31.299999,32,31.896357,972600,0.028109827
1/28/19,31.83,33.830002,31.52,33.799999,33.690525,1443000,0.041705202
1/29/19,33.970001,34.389999,32.639999,33.23,33.122372,1369500,0.039580925
1/30/19,33.470001,34.119999,33.119999,33.810001,33.700497,1072400,0.03099422
1/31/19,34.18,35.200001,33.889999,35.16,35.046124,978700,0.028286127
2/1/19,35.580002,36.380001,35.549999,35.860001,35.743855,1564500,0.045216763
2/4/19,36.48,38.349998,36.27,37.27,37.149288,2552400,0.073768786
2/5/19,37.259998,37.700001,35.709999,36.57,36.451553,1870300,0.054054913
2/6/19,36,36.209999,34.009998,34.650002,34.537777,2038700,0.058921965
2/7/19,34,35.48,33.650002,35.220001,35.10593,1333500,0.038540462
2/8/19,35.279999,35.470001,34.220001,34.330002,34.218811,1241000,0.035867052
2/11/19,34.700001,34.755001,33.27,33.529999,33.421398,1118100,0.032315029
2/12/19,33.299999,34.653999,32.959999,34.400002,34.288586,876000,0.025317919
2/13/19,34.82,35.136002,34.669998,34.93,34.816868,1140200,0.032953757
2/14/19,34.98,35,34.52,34.939999,34.826832,519300,0.015008671
2/15/19,35.549999,35.91,35.009998,35.689999,35.574406,1127600,0.032589595
2/19/19,35.400002,35.709999,35.250999,35.630001,35.514599,971400,0.028075145
2/20/19,35.759998,36.279999,35.700001,36.23,36.112656,1152800,0.033317919
2/21/19,36.209999,36.619999,35.952,36.110001,35.993046,828100,0.023933526
2/22/19,36.459999,36.637001,36,36.540001,36.421654,574300,0.016598266
2/25/19,36.700001,36.740002,36.014999,36.130001,36.012981,774500,0.022384393
2/26/19,36.099998,36.939999,35.900002,36.830002,36.710716,771900,0.022309249
2/27/19,37.150002,37.360001,36.59,37.080002,36.959904,908900,0.026268786
2/28/19,37.119999,37.349998,37,37.09,36.969872,905600,0.02617341
3/1/19,37.380001,37.450001,36.700001,37.119999,36.999771,693700,0.020049133
3/4/19,37.380001,37.41,35.950001,36.650002,36.531296,1033700,0.029875723
3/5/19,37,37.57,36.360001,37.279999,37.159256,744200,0.021508671
3/6/19,37.349998,37.650002,36.310001,36.669998,36.551228,777100,0.022459538
3/7/19,36.68,36.830002,35.599998,35.630001,35.514599,820600,0.023716763
3/8/19,34.799999,35.799999,34.5,35.68,35.564438,849100,0.024540462
3/11/19,35.849998,36.360001,35.740002,36.32,36.202366,567800,0.016410405
3/12/19,36.360001,37.029999,36.119999,36.57,36.451553,890400,0.025734104
3/13/19,37.279999,37.5,36.66,36.900002,36.780487,882000,0.025491329
3/14/19,37.009998,37.060001,36.5,36.799999,36.680809,572500,0.016546243
3/15/19,37.299999,37.383999,36.650002,37.349998,37.229027,1028100,0.029713873
3/18/19,37.400002,38.369999,37.360001,38.34,38.215824,1525400,0.044086705
3/19/19,39,39.25,38.639999,38.740002,38.614529,2192600,0.063369942
3/20/19,38.73,38.889999,38,38.369999,38.245724,1029900,0.029765896
3/21/19,38.259998,38.57,38.040001,38.439999,38.315498,714700,0.020656069
3/22/19,38.099998,38.23,36.68,36.830002,36.710716,1316000,0.038034682
3/25/19,36.66,37.483002,36.400002,37.049999,36.93,989000,0.028583815
3/26/19,37.080002,37.380001,36.917999,37.299999,37.299999,610200,0.017635838
3/27/19,37.18,37.289001,35.540001,36.139999,36.139999,981800,0.028375723
3/28/19,36.099998,36.41,35.130001,36.049999,36.049999,790800,0.022855491
3/29/19,36.360001,36.599998,36.056,36.369999,36.369999,598800,0.017306358
4/1/19,36.700001,36.799999,36.169998,36.630001,36.630001,715200,0.02067052
4/2/19,36.709999,36.740002,36.130001,36.380001,36.380001,459400,0.013277457
4/3/19,36.5,36.599998,35.869999,35.959999,35.959999,725200,0.020959538
4/4/19,36.400002,36.400002,35.599998,35.919998,35.919998,540800,0.015630058
4/5/19,36.099998,36.34,36.029999,36.299999,36.299999,421600,0.012184971
4/8/19,36.32,36.43,35.799999,35.869999,35.869999,565300,0.01633815
4/9/19,35.799999,35.917999,35.130001,35.27,35.27,702200,0.020294798
4/10/19,35.279999,35.950001,35.27,35.900002,35.900002,422100,0.012199422
4/11/19,35.900002,35.911999,34.700001,34.990002,34.990002,794600,0.022965318
4/12/19,35.209999,35.529999,34.990002,35.09,35.09,575800,0.016641618