Date,Open,High,Low,Last,Close,Volume,Turnover
4/16/14,47.292858,47.709999,46.194286,47.344284,47.344284,16114700,0.0369
4/17/14,48.10857,49.96143,47.5,49.39143,49.39143,32116000,0.0736
4/21/14,49.900002,49.914288,48.328571,49.784286,49.784286,47892600,0.1097
4/22/14,53.804287,54.41143,52.118572,53.271427,53.271427,64702400,0.1482
4/23/14,51.818573,52.5,50.42857,50.5,50.5,40285000,0.0923
4/24/14,50.357143,50.842857,47.828571,49.152859,49.152859,30639000,0.0702
4/25/14,48.208572,48.772858,46,46.011429,46.011429,33071500,0.0757
4/28/14,45.435715,45.842857,42.785713,44.887142,44.887142,47123300,0.1079
4/29/14,44.605713,46.375713,44.575714,45.695713,45.695713,23132900,0.0530
4/30/14,45.417141,46.057144,44.32143,46.005714,46.005714,23618700,0.0541
5/1/14,46.292858,49.384285,46.150002,48.074287,48.074287,37001300,0.0847
5/2/14,48.215714,49.128571,47.721428,48.664288,48.664288,26194700,0.0600
5/5/14,48.295715,49.354286,48.014286,49.197144,49.197144,20330800,0.0466
5/6/14,49.102856,49.674286,46.52,46.598572,46.598572,22722700,0.0520
5/7/14,46.59,46.834286,45.029999,45.791428,45.791428,25680900,0.0588
5/8/14,45.308571,47.388573,44.908573,45.951427,45.951427,21168700,0.0485
5/9/14,46.011429,47.134285,45.335712,46.935715,46.935715,17968300,0.0412
5/12/14,47.265713,49.361427,47.217144,49.349998,49.349998,21395500,0.0490
5/13/14,49.207142,50.610001,48.677143,49.591427,49.591427,20832000,0.0477
5/14/14,49.578571,50.628571,49.437141,50.26857,50.26857,19891900,0.0456
5/15/14,50.121429,50.255714,48.482857,49.169998,49.169998,23370200,0.0535
5/16/14,49.352856,49.995716,48.548573,49.982857,49.982857,19072200,0.0437
5/19/14,49.57143,52.459999,49.507141,52.07143,52.07143,25393200,0.0582
5/20/14,52.144287,53.242859,51.771427,53.095715,53.095715,28828100,0.0660
5/21/14,53.58857,55.812859,53.335712,55.799999,55.799999,39939900,0.0915
5/22/14,55.84,56.785713,55.357143,55.971428,55.971428,33222700,0.0761
5/23/14,55.94857,57.495716,55.665714,57.478573,57.478573,22122100,0.0507
5/27/14,57.42857,57.459999,56.164288,56.972858,56.972858,26735100,0.0612
5/28/14,56.742859,57.885715,56.214287,57.32,57.32,19873700,0.0455
5/29/14,57.628571,59.427143,57.078571,59.314285,59.314285,22844500,0.0523
5/30/14,59.311428,60.248573,58.80143,59.689999,59.689999,29248800,0.0670
6/2/14,59.925713,60.415714,58.92857,60.294285,60.294285,20480600,0.0469
6/3/14,59.998573,60.799999,59.578571,59.652859,59.652859,17133200,0.0392
6/4/14,59.537144,60.642857,59.042858,60.458572,60.458572,17432800,0.0399
6/5/14,60.535713,61.342857,59.795715,61.192856,61.192856,18930800,0.0434
6/6/14,61.43,62.127144,61.194286,61.447144,61.447144,15730400,0.0360
6/9/14,61.357143,61.521427,60.012856,60.441429,60.441429,16678900,0.0382
6/10/14,60.78857,62.291428,60.717144,61.184284,61.184284,22920100,0.0525
6/11/14,60.747143,61.799999,60.714287,61.42857,61.42857,13745900,0.0315
6/12/14,61.295715,61.464287,60.07143,60.349998,60.349998,15803200,0.0362
6/13/14,60.42857,61.128571,59.601429,61.101429,61.101429,15778700,0.0361
6/16/14,60.932858,61.601429,60.488571,61.465714,61.465714,12506200,0.0286
6/17/14,62.577145,64.012856,62.53857,63.378571,63.378571,28996100,0.0664
6/18/14,63.381428,64.402855,62.892857,64.097145,64.097145,18786600,0.0430
6/19/14,64.204285,64.21286,62.580002,63.055714,63.055714,17308200,0.0396
6/20/14,63.028572,63.26857,62.139999,62.882858,62.882858,13222300,0.0303
6/23/14,62.765713,63.122856,62.221428,62.78857,62.78857,10672900,0.0244
6/24/14,62.578571,64.277145,62.214287,62.337143,62.337143,20367200,0.0466
6/25/14,62.142857,63.537144,61.904285,63.458572,63.458572,15752100,0.0361
6/26/14,62.970001,63.162857,62.392857,62.80143,62.80143,14237300,0.0326
6/27/14,62.617142,63.312859,62.485714,63.154285,63.154285,15587600,0.0357
6/30/14,63.265713,63.83857,62.812859,62.942856,62.942856,10588900,0.0243
7/1/14,65.175713,67.668571,65.042854,67.585716,67.585716,37995300,0.0870
7/2/14,67.639999,67.98143,66.577141,66.677139,66.677139,17309600,0.0396
7/3/14,67.165718,67.517143,66.98143,67.478569,67.478569,11359600,0.0260
7/7/14,67.442856,67.461426,65.714287,65.802856,65.802856,18296600,0.0419
7/8/14,65.664284,65.85714,62.754284,63.578571,63.578571,26182800,0.0600
7/9/14,63.740002,64.191429,62.818573,63.285713,63.285713,21011200,0.0481
7/10/14,62.055714,63.455715,61.171429,62.650002,62.650002,24388700,0.0559
7/11/14,63.065716,63.447144,62.450001,62.851429,62.851429,14219100,0.0326
7/14/14,63.328571,65.068573,62.714287,64.654289,64.654289,17433500,0.0399
7/15/14,64.384285,64.48143,63.181427,64.155716,64.155716,13505800,0.0309
7/16/14,64.867142,65.099998,63.342857,63.491428,63.491428,13438600,0.0308
7/17/14,63.325714,64.121429,62.612858,62.765713,62.765713,13266400,0.0304
7/18/14,62.972858,63.471428,62.25,63.452858,63.452858,11760700,0.0269
7/21/14,64.527145,65.35714,63.945713,64.564285,64.564285,34671000,0.0794
7/22/14,63.282856,63.524284,60.722858,61.584286,61.584286,57174600,0.1310
7/23/14,61.487144,62.201427,60.93,61.128571,61.128571,17267600,0.0396
7/24/14,61.352856,61.458572,59.860001,60.76857,60.76857,18621400,0.0427
7/25/14,60.714287,61.167141,60.057144,60.265713,60.265713,11610200,0.0266
7/28/14,60.315716,60.844284,59.78857,60.665714,60.665714,11960900,0.0274
7/29/14,60.458572,61.19857,60.458572,60.611427,60.611427,9282000,0.0213
7/30/14,60.67857,62.184284,60.615715,62.05143,62.05143,15263500,0.0350
7/31/14,61.465714,61.852856,60.184284,60.388573,60.388573,13820100,0.0317
8/1/14,60.251427,61.104286,58.93,60.771427,60.771427,18947600,0.0434
8/4/14,61.028572,61.42857,60.111427,60.385715,60.385715,10686900,0.0245
8/5/14,60.185715,61.142857,60.044285,60.407143,60.407143,10653300,0.0244
8/6/14,60.142857,62.128571,60.078571,61.471428,61.471428,15835400,0.0363
8/7/14,62.185715,64.278572,62.078571,64.238571,64.238571,27313300,0.0626
8/8/14,64.314285,64.424286,63.150002,63.692856,63.692856,15495200,0.0355
8/11/14,64.174286,65.378571,64.101425,64.505714,64.505714,13246800,0.0303
8/12/14,64.478569,64.714287,63.344284,63.772858,63.772858,10845100,0.0248
8/13/14,64.085716,64.888573,63.831429,64.504288,64.504288,9058000,0.0207
8/14/14,64.601425,65,64.031425,64.410004,64.410004,6676600,0.0153
8/15/14,64.498573,66,64.085716,65.584282,65.584282,22036700,0.0505
8/18/14,66.008568,67.071426,65.89286,66.571426,66.571426,13496000,0.0309
8/19/14,66.727142,67.214287,66.061432,66.878571,66.878571,10897600,0.0250
8/20/14,66.714287,67.678574,66.362854,67.455711,67.455711,12163900,0.0279
8/21/14,67.325714,68.021431,66.809998,67.435715,67.435715,11746700,0.0269
8/22/14,67.277145,68.507141,67.150002,68.455711,68.455711,13735400,0.0315
8/25/14,68.792854,69.328575,68.218575,68.704285,68.704285,13484800,0.0309
8/26/14,68.35714,68.835716,67.792854,68.480003,68.480003,10137400,0.0232
8/27/14,68.485718,68.60714,67.66143,67.814285,67.814285,10394300,0.0238
8/28/14,67.521431,68.211426,67.258568,67.887146,67.887146,7584500,0.0174
8/29/14,68.121429,68.64286,67.734283,68.234283,68.234283,9838500,0.0225
9/2/14,68.35714,68.398575,67.798569,68.085716,68.085716,8806700,0.0202
9/3/14,68.645714,69.657143,68.075714,68.19857,68.19857,16219000,0.0371
9/4/14,68.444283,68.812859,67.447144,67.524284,67.524284,11958800,0.0274
9/5/14,67.604286,68.192856,67.152855,67.954285,67.954285,11953200,0.0274
9/8/14,67.771431,68.657143,67.742859,68.475716,68.475716,7668500,0.0176
9/9/14,69.471428,69.898575,68.057144,68.43,68.43,19737900,0.0452
9/10/14,68.599998,69.25,68.148575,69.19857,69.19857,9104900,0.0209
9/11/14,68.938568,69.194283,68.524284,68.794289,68.794289,7865200,0.0180
9/12/14,69.092857,69.269997,68.017143,68.078575,68.078575,13425300,0.0307
9/15/14,68.220001,68.220001,65.264282,65.39286,65.39286,20617100,0.0472
9/16/14,64.057144,65.44857,63.657143,65.272858,65.272858,26838700,0.0615
9/17/14,65.272858,65.552856,64.470001,64.932854,64.932854,12133100,0.0278
9/18/14,65.352859,65.908569,64.760002,65.572861,65.572861,10630200,0.0243
9/19/14,65.85714,65.904289,64.881432,65.360001,65.360001,11960900,0.0274
9/22/14,65.181427,65.278572,62.697144,63.254284,63.254284,16169300,0.0370
9/23/14,63.032856,64.001427,62.92857,63.414288,63.414288,11471600,0.0263
9/24/14,63.494286,64.522858,63.220001,64.365715,64.365715,9551500,0.0219
9/25/14,64.271431,64.621429,63.202858,63.355713,63.355713,9839900,0.0225
9/26/14,63.57143,64.377144,63.412857,64.10714,64.10714,10404800,0.0238
9/29/14,63.438572,64.362854,63.145714,64.222855,64.222855,9516500,0.0218
9/30/14,64.614288,65.312859,64.257141,64.454285,64.454285,12472600,0.0286
10/1/14,64.098572,64.285713,62.470001,62.685715,62.685715,15416100,0.0353
10/2/14,62.700001,64.355713,62.554287,64.28286,64.28286,18450600,0.0423
10/3/14,64.741432,65.800003,64.644287,65.648575,65.648575,15290100,0.0350
10/6/14,66,66.744286,65.85714,66.211426,66.211426,13709500,0.0314
10/7/14,65.871429,66.611427,65.14286,65.178574,65.178574,13759200,0.0315
10/8/14,65.235718,66.800003,64.482857,66.694283,66.694283,14332500,0.0328
10/9/14,66.66143,66.855713,65.651428,65.945717,65.945717,14928200,0.0342
10/10/14,65.685715,66.405716,64.491432,64.582855,64.582855,19110700,0.0438
10/13/14,64.464287,64.638573,61.857143,62.654285,62.654285,20216700,0.0463
10/14/14,63.644287,64.57,62.59,64.160004,64.160004,16747500,0.0384
10/15/14,63.495716,64.425713,61.454285,64.084282,64.084282,59927700,0.1373
10/16/14,47.532856,52.310001,47.285713,51.671429,51.671429,92304800,0.2114
10/17/14,51.401428,51.438572,48.785713,51.012856,51.012856,79160900,0.1813
10/20/14,50.857143,52.741428,50.792858,51.317142,51.317142,33529300,0.0768
10/21/14,51.751427,52.398571,50.777142,52.284286,52.284286,19365500,0.0444
10/22/14,52.712856,54.568573,51.885715,53.521427,53.521427,32150300,0.0736
10/23/14,54.360001,55.110001,54.035713,54.720001,54.720001,19916400,0.0456
10/24/14,54.654285,55.285713,54.401428,55.002857,55.002857,14657300,0.0336
10/27/14,54.842857,54.92857,53.814285,54.200001,54.200001,14944300,0.0342
10/28/14,54.25,55.267143,54.049999,55.174286,55.174286,11736900,0.0269
10/29/14,55.174286,55.240002,53.967144,54.014286,54.014286,12507600,0.0286
10/30/14,53.93,54.619999,53.514286,54.144287,54.144287,10593800,0.0243
10/31/14,54.914288,56.252857,54.857143,56.110001,56.110001,20470100,0.0469
11/3/14,56.175713,56.502857,55.015713,55.487144,55.487144,17581200,0.0403
11/4/14,55.274284,55.32143,54.110001,54.682858,54.682858,11389700,0.0261
11/5/14,55.087143,55.405716,53.77,54.34,54.34,13645800,0.0313
11/6/14,54,55.047142,53.907143,54.757141,54.757141,9991800,0.0229
11/7/14,54.777142,55.035713,54.185715,54.880001,54.880001,9303700,0.0213
11/10/14,54.714287,55.635715,54.142857,55.324287,55.324287,9711100,0.0222
11/11/14,55.324287,56.299999,54.544285,54.650002,54.650002,14838600,0.0340
11/12/14,54.447144,55.137142,53.862858,54.837143,54.837143,10958500,0.0251
11/13/14,54.922855,55.007141,53.932858,54.201427,54.201427,10490200,0.0240
11/14/14,54.197144,55.317142,54.081429,55.148571,55.148571,10988600,0.0252
11/17/14,55.054287,55.642857,54.392857,54.44857,54.44857,9225300,0.0211
11/18/14,54.42857,54.985714,54.361427,54.432858,54.432858,7921200,0.0181
11/19/14,54.744286,55.292858,51.808571,51.871429,51.871429,24515400,0.0562
11/20/14,51.869999,53.322857,51.57143,52.591427,52.591427,15425200,0.0353
11/21/14,53.21143,53.32143,51.357143,51.468571,51.468571,17878000,0.0409
11/24/14,51.508572,51.922855,50.771427,50.924286,50.924286,17864000,0.0409
11/25/14,50.145714,50.347141,49.142857,49.855713,49.855713,28100800,0.0644
11/26/14,50.154285,50.527142,49.745716,50.165714,50.165714,10063200,0.0230
11/28/14,50.512856,50.57143,49.427143,49.512856,49.512856,6702500,0.0154
12/1/14,49.285713,49.57143,48.234287,48.830002,48.830002,11964400,0.0274
12/2/14,48.757141,50.477142,48.691429,50.330002,50.330002,14271600,0.0327
12/3/14,50.221428,50.73143,49.181427,50.73143,50.73143,13819400,0.0317
12/4/14,50.42857,51.135715,49.908573,50.085712,50.085712,11853800,0.0272
12/5/14,50.147144,50.642857,49.732857,50.131428,50.131428,9930200,0.0227
12/8/14,49.881428,49.982857,48.290001,48.497143,48.497143,13621300,0.0312
12/9/14,47.82,49.337143,47.002857,49.111427,49.111427,17976700,0.0412
12/10/14,49.021427,49.247143,47.665714,47.759998,47.759998,12644800,0.0290
12/11/14,48.012856,48.700001,47.655716,47.804287,47.804287,11769100,0.0270
12/12/14,47.417141,48.322857,46.98,47.782856,47.782856,13521200,0.0310
12/15/14,48.055714,48.418571,46.618572,46.720001,46.720001,12019000,0.0275
12/16/14,46.427143,47.07,45.142857,45.205715,45.205715,16947700,0.0388
12/17/14,45.375713,47.867142,45.077145,47.664288,47.664288,20192900,0.0463
12/18/14,48.400002,48.92857,47.232857,47.774284,47.774284,15639400,0.0358
12/19/14,47.900002,48.720001,47.621429,48.58857,48.58857,15047900,0.0345
12/22/14,48.542858,49.240002,47.748573,48.097141,48.097141,7994000,0.0183
12/23/14,48.287144,48.42857,47.472858,48.061428,48.061428,8291500,0.0190
12/24/14,48.072857,49.07,47.998573,48.871429,48.871429,5411000,0.0124
12/26/14,48.844284,49.484287,48.534286,48.578571,48.578571,8847300,0.0203
12/29/14,47.970001,49.104286,47.652859,48.847141,48.847141,8588300,0.0197
12/30/14,48.714287,49.139999,48.53857,49.032856,49.032856,7011200,0.0161
12/31/14,49.032856,49.39143,48.787144,48.80143,48.80143,1232500,0.0028
1/2/15,49.151428,50.331429,48.73143,49.848572,49.848572,1925000,0.0044
1/5/15,49.258572,49.258572,47.147144,47.311428,47.311428,2595000,0.0059
1/6/15,47.347141,47.639999,45.66143,46.501427,46.501427,2291100,0.0052
1/7/15,47.347141,47.421429,46.271427,46.742859,46.742859,1407100,0.0032
1/8/15,47.119999,47.835712,46.478573,47.779999,47.779999,1371700,0.0031
1/9/15,47.631428,48.02,46.898571,47.041428,47.041428,1367800,0.0031
1/12/15,47.09,47.19857,45.264286,45.547142,45.547142,1846800,0.0042
1/13/15,46.021427,47.048573,45.900002,46.255714,46.255714,2674500,0.0061
1/14/15,47.07143,47.369999,45.68,46.32,46.32,2840700,0.0065
1/15/15,46.547142,46.785713,45.844284,46.251427,46.251427,1667000,0.0038
1/16/15,46.857143,48.25,46.381428,48.191429,48.191429,2813800,0.0064
1/20/15,48.57143,50,47.714287,49.828571,49.828571,4941200,0.0113
1/21/15,59.234287,59.240002,57.41,58.468571,58.468571,9557500,0.0219
1/22/15,58.57143,61.374287,57.828571,61.205715,61.205715,4759900,0.0109
1/23/15,60.988571,62.742859,60.881428,62.494286,62.494286,3801900,0.0087
1/26/15,62.57143,63.898571,61.957142,63.794285,63.794285,3038400,0.0070
1/27/15,63.087143,65.339996,63.049999,64.881432,64.881432,3516100,0.0081
1/28/15,64.741432,64.821426,63.081429,63.208572,63.208572,3504700,0.0080
1/29/15,63.204285,63.927143,62.5,63.400002,63.400002,2161100,0.0049
1/30/15,63.132858,63.984287,62.655716,63.114285,63.114285,1887900,0.0043
2/2/15,62.842857,63.42857,61.955715,63.009998,63.009998,1855800,0.0043
2/3/15,63.32,65.46714,62.73,65.274284,65.274284,2344200,0.0054
2/4/15,65.041428,65.174286,63.889999,64.101425,64.101425,1778700,0.0041
2/5/15,64.541428,65.138573,63.665714,64.129997,64.129997,2035500,0.0047
2/6/15,64.25,64.428574,63.175713,63.48,63.48,1267800,0.0029
2/9/15,63.19857,63.785713,62.637142,63.295715,63.295715,1167600,0.0027
2/10/15,63.459999,65.157143,63.101429,64.849998,64.849998,2202700,0.0050
2/11/15,64.830002,66.141426,64.557144,64.984283,64.984283,1993300,0.0046
2/12/15,65.058571,65.60714,64.451431,65.247147,65.247147,1209200,0.0028
2/13/15,65.428574,66.629997,65.422859,66.585716,66.585716,1852700,0.0042
2/17/15,66.515717,67.371429,65.944283,67.137146,67.137146,1595800,0.0037
2/18/15,67.022858,68.07,66.645714,67.865715,67.865715,1471800,0.0034
2/19/15,67.85714,68.714287,67.574287,67.800003,67.800003,10432100,0.0239
2/20/15,67.949997,68.374283,67.637146,68.314285,68.314285,1346000,0.0031
2/23/15,68.300003,68.314285,67.14286,67.405716,67.405716,1290200,0.0030
2/24/15,67.372856,68.084282,67.355713,67.839996,67.839996,866300,0.0020
2/25/15,67.807144,68.794289,67.807144,68.332855,68.332855,979200,0.0022
2/26/15,68.625717,69.5,68.43,69.004288,69.004288,1550400,0.0036
2/27/15,69.081429,69.428574,67.818573,67.844284,67.844284,1645200,0.0038
3/2/15,67.714287,68.60714,67.234283,68.60714,68.60714,1455300,0.0033
3/3/15,68.344284,68.457146,67.507141,67.815712,67.815712,1060900,0.0024
3/4/15,67.529999,67.925713,66.182854,67.110001,67.110001,2486500,0.0057
3/5/15,67.428574,67.464287,66.419998,66.807144,66.807144,1606400,0.0037
3/6/15,66.64286,66.925713,64.844284,64.874283,64.874283,1841200,0.0042
3/9/15,64.989998,65.092857,62.828571,63.66143,63.66143,2710100,0.0062
3/10/15,63.015713,63.351429,61.982857,62.151428,62.151428,2557600,0.0059
3/11/15,62.240002,63.939999,62.240002,62.884285,62.884285,2337600,0.0054
3/12/15,63.347141,64.582855,63.34,64.045715,64.045715,2093500,0.0048
3/13/15,63.907143,64.057144,62.367142,62.628571,62.628571,1451600,0.0033
3/16/15,61.547142,61.547142,59.619999,60.281429,60.281429,3828000,0.0088
3/17/15,59.712856,60.694286,59.384285,59.78857,59.78857,2630100,0.0060
3/18/15,59.738571,60.650002,59.299999,60.445713,60.445713,2089100,0.0048
3/19/15,60.459999,61.21143,60.255714,60.744286,60.744286,1635700,0.0037
3/20/15,61.337143,61.785713,60.895714,61.185715,61.185715,1948800,0.0045
3/23/15,60.889999,61.155716,60.330002,60.714287,60.714287,1093300,0.0025
3/24/15,61.135715,63.098572,61.118572,62.611427,62.611427,2412700,0.0055
3/25/15,62.684284,62.691429,60.244286,60.25,60.25,3093200,0.0071
3/26/15,59.628571,60.447144,59.389999,59.751427,59.751427,2291300,0.0052
3/27/15,59.330002,59.847141,58.572857,59.252857,59.252857,2259700,0.0052
3/30/15,59.715714,60.564285,59.364285,60.367142,60.367142,1896100,0.0043
3/31/15,60.110001,60.419998,59.455715,59.527142,59.527142,2035500,0.0047
4/1/15,59.642857,59.785713,58.702858,59.017143,59.017143,2087100,0.0048
4/2/15,59.07143,59.607143,58.861427,59.154285,59.154285,1409200,0.0032
4/6/15,58.76857,60.447144,58.464287,60.330002,60.330002,1532900,0.0035
4/7/15,60.497143,60.848572,60.042858,60.494286,60.494286,1425300,0.0033
4/8/15,61.201427,63.107143,61.184284,63.049999,63.049999,3189700,0.0073
4/9/15,63,63.135715,62.114285,62.785713,62.785713,1922200,0.0044
4/10/15,64.397141,64.995712,63.947144,64.938568,64.938568,3195300,0.0073
4/13/15,67.239998,69.285713,67.057144,67.811432,67.811432,6348100,0.0145
4/14/15,68.85714,69.14286,67.421425,68.387146,68.387146,4075800,0.0093
4/15/15,68.704285,68.704285,67.364288,67.922859,67.922859,42528500,0.0974
4/16/15,76,81.25,75.714287,80.292854,80.292854,14928700,0.0342
4/17/15,79.778572,82.14286,79.714287,81.650002,81.650002,8329500,0.0191
4/20/15,81.785713,82.304283,80.381432,81.055717,81.055717,4388900,0.0101
4/21/15,81.234283,81.484283,79.800003,80.062859,80.062859,15925700,0.0365
4/22/15,80.211426,80.71286,79.544289,79.668571,79.668571,1727100,0.0040
4/23/15,79.655716,80.342857,78.955711,79.865715,79.865715,1812500,0.0042
4/24/15,80.172859,80.808571,79.507141,79.771431,79.771431,1577900,0.0036
4/27/15,80.292854,81.785713,80.230003,80.868568,80.868568,2178100,0.0050
4/28/15,80.589996,81.278572,79.944283,80.437141,80.437141,1260900,0.0029
4/29/15,80.07,81.055717,79.644287,80.407143,80.407143,1362100,0.0031
4/30/15,80.237144,80.835716,79.124283,79.5,79.5,1509300,0.0035
5/1/15,79.855713,79.96714,78.894287,79.575714,79.575714,1272300,0.0029
5/4/15,79.571426,79.714287,78.900002,79.271431,79.271431,1138200,0.0026
5/5/15,81.238571,82.442856,80.757141,80.792854,80.792854,3873800,0.0089
5/6/15,81.028572,81.214287,79.521431,80.077141,80.077141,1643500,0.0038
5/7/15,80.114288,80.794289,79.457146,80.748573,80.748573,1460100,0.0033
5/8/15,81.041428,82.152855,80.964287,82.085716,82.085716,1975500,0.0045
5/11/15,82.324287,84.85714,82.185715,84.278572,84.278572,3411800,0.0078
5/12/15,83.808571,83.808571,82.992859,83.377144,83.377144,1701000,0.0039
5/13/15,83.404289,84.197144,82.691429,82.872856,82.872856,1593700,0.0037
5/14/15,83.285713,83.924286,82.330002,83.835716,83.835716,1271200,0.0029
5/15/15,86.364288,88.348572,85.755714,87.60714,87.60714,5293300,0.0121
5/18/15,87.544289,88.534286,87.024284,88.267143,88.267143,2111700,0.0048
5/19/15,88.888573,89.785713,87.809998,88.068573,88.068573,2728800,0.0063
5/20/15,88.214287,89.108574,87.362854,88.790001,88.790001,1822400,0.0042
5/21/15,89.081429,89.571426,88.181427,89.002853,89.002853,1823900,0.0042
5/22/15,89.178574,89.407143,88.692856,88.83857,88.83857,1066600,0.0024
5/26/15,88.874283,89.061432,87.785713,87.992859,87.992859,1378000,0.0032
5/27/15,88.14286,89.907143,87.928574,89.85714,89.85714,1500900,0.0034
5/28/15,89.714287,89.855713,88.93,89.507141,89.507141,1117400,0.0026
5/29/15,89.472855,90.205711,88.955711,89.151428,89.151428,1769000,0.0041
6/1/15,88.837143,89.121429,87.944283,89.002853,89.002853,1418000,0.0032
6/2/15,88.711426,89.678574,88.405716,89.129997,89.129997,1073200,0.0025
6/3/15,89.242859,89.732857,88.644287,88.808571,88.808571,891100,0.0020
6/4/15,88.378571,89.428574,88.042854,89.348572,89.348572,1439200,0.0033
6/5/15,89.214287,90.540001,89.125717,90.459999,90.459999,1660600,0.0038
6/8/15,90.714287,90.815712,88.995712,89.604286,89.604286,1591000,0.0036
6/9/15,89.334282,92.714287,89.334282,92.449997,92.449997,3146400,0.0072
6/10/15,93.395714,98.970001,93.225716,95.871429,95.871429,8160200,0.0187
6/11/15,96.889999,96.918571,94.087143,95.094284,95.094284,3803300,0.0087
6/12/15,94.915718,95.342857,94.124283,94.418571,94.418571,1468400,0.0034
6/15/15,92.85714,93.591431,91.658569,93.431427,93.431427,2722000,0.0062
6/16/15,94.242859,95.60714,93.691429,95.272858,95.272858,2291900,0.0052
6/17/15,95.132858,95.132858,93.957146,94.271431,94.271431,1415000,0.0032
6/18/15,94.651428,95.341431,94.368568,94.742859,94.742859,1280400,0.0029
6/19/15,96.242859,96.418571,93.821426,93.871429,93.871429,2830700,0.0065
6/22/15,95.042854,96.692856,94.188568,96.414284,96.414284,2390400,0.0055
6/23/15,96.335716,97.389999,95.75,97.312859,97.312859,2232300,0.0051
6/24/15,100.014282,100.891426,96.397141,96.944283,96.944283,11019800,0.0252
6/25/15,95.48143,96,93.458572,94.891426,94.891426,5946200,0.0136
6/26/15,95.300003,95.314285,93.08857,93.08857,93.08857,4330700,0.0099
6/29/15,91.505714,92.912857,91.117142,92.23143,92.23143,3510800,0.0080
6/30/15,93.35714,94.355713,92.785713,93.848572,93.848572,2411500,0.0055
7/1/15,94.805717,95.238571,93.218575,93.635712,93.635712,2099900,0.0048
7/2/15,93.998573,94.19857,93.214287,94.044289,94.044289,1579000,0.0036
7/6/15,93.472855,94.928574,93.339996,94.571426,94.571426,1686900,0.0039
7/7/15,95.012856,95.427139,92.622856,94.091431,94.091431,3081900,0.0071
7/8/15,93.471428,93.995712,92.284286,93.507141,93.507141,1855800,0.0043
7/9/15,94.900002,95.845711,94.285713,95.727142,95.727142,2390200,0.0055
7/10/15,97.522858,98.502853,96.900002,97.228569,97.228569,3090900,0.0071
7/13/15,98.098572,102.308571,98.078575,101.087143,101.087143,4743600,0.0109
7/14/15,101.271431,101.635712,99.652855,100.371429,100.371429,2819500,0.0065
7/15/15,99.970001,100.75,97.050003,98.129997,98.129997,30898600,0.0708
7/16/15,111.019997,116.489998,107.68,115.809998,115.809998,63461000,0.1454
7/17/15,117.339996,117.879997,114.239998,114.769997,114.769997,25136900,0.0576
7/20/15,114.699997,114.699997,110.139999,110.550003,110.550003,22676900,0.0519
7/21/15,110.209999,113.709999,109.32,112.510002,112.510002,14085400,0.0323
7/22/15,112.139999,113.879997,110.559998,111.5,111.5,10500500,0.0241
7/23/15,110.910004,112.18,109.839996,110.099998,110.099998,8306800,0.0190
7/24/15,111.550003,111.68,108.900002,109.339996,109.339996,8125100,0.0186
7/27/15,107.790001,109.860001,106.25,106.43,106.43,11302600,0.0259
7/28/15,107.290001,107.940002,103.879997,106.900002,106.900002,11155900,0.0256
7/29/15,106.830002,107.75,105.400002,107.080002,107.080002,6695600,0.0153
7/30/15,106.400002,111.900002,105.400002,111.559998,111.559998,14229200,0.0326
7/31/15,111.949997,115,111.150002,114.309998,114.309998,16349100,0.0374
8/3/15,114.599998,114.599998,111.779999,112.559998,112.559998,10144800,0.0232
8/4/15,113.150002,122.790001,113,121.150002,121.150002,29653300,0.0679
8/5/15,125.620003,129.289993,122.709999,123.709999,123.709999,26946500,0.0617
8/6/15,126.290001,128.850006,122.040001,126.449997,126.449997,24716700,0.0566
8/7/15,126.419998,126.599998,121.300003,123.519997,123.519997,17360700,0.0398
8/10/15,126.089996,126.5,121.510002,123.029999,123.029999,13424600,0.0307
8/11/15,120.010002,123.760002,120,122.739998,122.739998,11047600,0.0253
8/12/15,121.470001,122.449997,118.660004,120.510002,120.510002,13822500,0.0317
8/13/15,120.989998,125.730003,119.339996,123.730003,123.730003,15284400,0.0350
8/14/15,124.959999,125,123,123.389999,123.389999,8631900,0.0198
8/17/15,123.139999,125.699997,122.589996,125.360001,125.360001,9233800,0.0211
8/18/15,125.260002,126.75,123.550003,124.050003,124.050003,9382000,0.0215
8/19/15,123.5,123.699997,121.5,122.059998,122.059998,10115300,0.0232
8/20/15,119.800003,121.449997,111.339996,112.489998,112.489998,28045300,0.0642
8/21/15,106.199997,110,102.75,103.959999,103.959999,33228300,0.0761
8/24/15,88.75,109.629997,85.5,96.879997,96.879997,59951900,0.1373
8/25/15,107.75,107.879997,101.5,101.519997,101.519997,37620700,0.0862
8/26/15,107.150002,110.279999,102.019997,110.129997,110.129997,36164600,0.0828
8/27/15,114.940002,118.25,113.019997,117.660004,117.660004,37056100,0.0849
8/28/15,116.349998,119.349998,115.879997,117.629997,117.629997,20240200,0.0464
8/31/15,115.239998,117,113.760002,115.029999,115.029999,16855800,0.0386
9/1/15,109.349998,111.239998,103.82,105.790001,105.790001,35977100,0.0824
9/2/15,109.309998,109.5,100.300003,105.440002,105.440002,39843300,0.0913
9/3/15,102.690002,104.169998,100.110001,101.059998,101.059998,29546700,0.0677
9/4/15,98.050003,99.93,97.339996,98.790001,98.790001,24212000,0.0555
9/8/15,102.080002,102.5,93.550003,94.949997,94.949997,43479700,0.0996
9/9/15,96.510002,102.790001,95.519997,99.18,99.18,35416300,0.0811
9/10/15,99.419998,100.849998,96.779999,99.480003,99.480003,21031900,0.0482
9/11/15,98.57,100.849998,97.230003,97.510002,97.510002,17373900,0.0398
9/14/15,96.839996,97.910004,94.330002,95.690002,95.690002,15546000,0.0356
9/15/15,95.220001,99.650002,93.610001,99.160004,99.160004,22299200,0.0511
9/16/15,99.699997,104.480003,99.330002,104.080002,104.080002,28058200,0.0643
9/17/15,103.669998,107.5,101.830002,104.209999,104.209999,25817700,0.0591
9/18/15,102,104.360001,100.709999,102.620003,102.620003,21594400,0.0495
9/21/15,103.300003,103.769997,99.559998,100.300003,100.300003,17900600,0.0410
9/22/15,98.290001,99.900002,97,98.470001,98.470001,16717900,0.0383
9/23/15,98.599998,99.739998,97.660004,98.07,98.07,10264500,0.0235
9/24/15,97.110001,104,96.779999,103.760002,103.760002,21274500,0.0487
9/25/15,105.300003,105.449997,101.57,102.239998,102.239998,19066600,0.0437
9/28/15,101.57,103.330002,97.839996,99.470001,99.470001,17026600,0.0390
9/29/15,99.629997,100.629997,96.849998,98.349998,98.349998,17405900,0.0399
9/30/15,99.910004,103.459999,99.050003,103.260002,103.260002,16971300,0.0389
10/1/15,102.910004,106.110001,101.120003,105.980003,105.980003,17426900,0.0399
10/2/15,103.010002,106.870003,101.449997,106.110001,106.110001,21526700,0.0493
10/5/15,107.480003,112.279999,105.760002,111.25,111.25,21157900,0.0485
10/6/15,110.330002,112.25,105.639999,108.330002,108.330002,20629800,0.0473
10/7/15,108.839996,109.779999,106.75,108.099998,108.099998,12329500,0.0282
10/8/15,107.940002,115.050003,102.599998,114.93,114.93,42831900,0.0981
10/9/15,114.110001,115.830002,112.440002,113.330002,113.330002,22455200,0.0514
10/12/15,114.449997,115.419998,112.360001,113.449997,113.449997,12624500,0.0289
10/13/15,112.849998,113.720001,108.779999,109.730003,109.730003,17512100,0.0401
10/14/15,111.5,111.629997,108.050003,110.230003,110.230003,33231500,0.0761
10/15/15,103.769997,104.879997,99.099998,101.089996,101.089996,48484300,0.1110
10/16/15,100.209999,101.650002,98.410004,98.989998,98.989998,21340500,0.0489
10/19/15,98.07,103.620003,96.260002,101.690002,101.690002,29964700,0.0686
10/20/15,101.059998,102.110001,97.580002,98.989998,98.989998,17285300,0.0396
10/21/15,99.669998,100.339996,97.010002,97.959999,97.959999,13728500,0.0314
10/22/15,98.07,99.93,96.860001,97.32,97.32,12786800,0.0293
10/23/15,97.610001,101.559998,97.269997,100.040001,100.040001,18019900,0.0413
10/26/15,100.050003,103.309998,99.379997,103.040001,103.040001,12234800,0.0280
10/27/15,102.580002,104.720001,101.230003,103.07,103.07,12066400,0.0276
10/28/15,102.900002,106.209999,102.059998,105.800003,105.800003,13094000,0.0300
10/29/15,105,106.910004,104.75,105.120003,105.120003,9802700,0.0225
10/30/15,105.120003,110.099998,104.900002,108.379997,108.379997,15571500,0.0357
11/2/15,109.199997,109.370003,106.300003,107.639999,107.639999,11784600,0.0270
11/3/15,107.360001,111.050003,107.239998,109.739998,109.739998,12484100,0.0286
11/4/15,110.360001,114.279999,109.389999,114.050003,114.050003,17207500,0.0394
11/5/15,113.75,115.68,111.720001,113.5,113.5,13814900,0.0316
11/6/15,113.389999,114.800003,112.050003,114.059998,114.059998,10936600,0.0250
11/9/15,113.360001,114,108.639999,109.860001,109.860001,16154600,0.0370
11/10/15,108.860001,112.839996,108.010002,112.699997,112.699997,11166400,0.0256
11/11/15,113.080002,114.610001,111.410004,112.860001,112.860001,11039200,0.0253
11/12/15,112.519997,115.25,108.199997,108.919998,108.919998,17568200,0.0402
11/13/15,108.339996,109.07,103.269997,103.650002,103.650002,18819400,0.0431
11/16/15,102.970001,111.650002,101.860001,111.349998,111.349998,19866200,0.0455
11/17/15,112.110001,118.790001,111.699997,117.099998,117.099998,33016300,0.0756
11/18/15,117.940002,121,116.099998,120.629997,120.629997,23353600,0.0535
11/19/15,120.25,123.129997,119.610001,120.220001,120.220001,19253200,0.0441
11/20/15,120.849998,124.07,119.209999,123.839996,123.839996,17977000,0.0412
11/23/15,124.300003,126.199997,121.660004,125.029999,125.029999,15727000,0.0360
11/24/15,123.669998,124.660004,120.029999,123.309998,123.309998,18335300,0.0420
11/25/15,124.230003,125.199997,122.360001,124.160004,124.160004,10980700,0.0252
11/27/15,123.849998,126.389999,123.589996,125.440002,125.440002,6645500,0.0152
11/30/15,126.029999,126.599998,122.889999,123.330002,123.330002,13894000,0.0318
12/1/15,124.470001,125.57,122.419998,125.370003,125.370003,12550800,0.0287
12/2/15,125.529999,131.350006,124.93,128.929993,128.929993,24105700,0.0552
12/3/15,129.619995,132.199997,126.389999,126.809998,126.809998,26647300,0.0610
12/4/15,127,130.990005,125.75,130.929993,130.929993,20250400,0.0464
12/7/15,131.190002,133.270004,122.75,125.360001,125.360001,23351600,0.0535
12/8/15,121.510002,128.240005,121.099998,126.980003,126.980003,18591100,0.0426
12/9/15,127.699997,128.779999,122.330002,124.199997,124.199997,17788800,0.0407
12/10/15,124.5,125.209999,121.620003,122.910004,122.910004,13437500,0.0308
12/11/15,121.449997,123,118.599998,118.910004,118.910004,16105300,0.0369
12/14/15,119.769997,120.900002,114.660004,120.669998,120.669998,18679300,0.0428
12/15/15,121.93,123.300003,118.540001,118.599998,118.599998,11760000,0.0269
12/16/15,119.800003,123,118.089996,122.639999,122.639999,13181000,0.0302
12/17/15,123.970001,126.349998,122.419998,122.510002,122.510002,17284900,0.0396
12/18/15,120.849998,122.190002,117.919998,118.019997,118.019997,17948100,0.0411
12/21/15,119.510002,119.589996,115.660004,116.629997,116.629997,11670000,0.0267
12/22/15,117.300003,117.43,114.860001,116.239998,116.239998,9660900,0.0221
12/23/15,116.910004,118.559998,115.779999,118.160004,118.160004,9324300,0.0214
12/24/15,118.220001,118.800003,117.300003,117.330002,117.330002,3541400,0.0081
12/28/15,117.260002,117.349998,113.849998,117.110001,117.110001,8406300,0.0193
12/29/15,118.190002,119.599998,116.919998,119.120003,119.120003,8159200,0.0187
12/30/15,118.949997,119.019997,116.43,116.709999,116.709999,8149700,0.0187
12/31/15,116.209999,117.459999,114.279999,114.379997,114.379997,9273000,0.0212
1/4/16,109,110,105.209999,109.959999,109.959999,20794800,0.0476
1/5/16,110.449997,110.580002,105.849998,107.660004,107.660004,17664600,0.0405
1/6/16,105.290001,117.910004,104.959999,117.68,117.68,33045700,0.0757
1/7/16,116.360001,122.18,112.290001,114.559998,114.559998,33636700,0.0770
1/8/16,116.330002,117.720001,111.099998,111.389999,111.389999,18067100,0.0414
1/11/16,112.129997,116.790001,111.199997,114.970001,114.970001,21865700,0.0501
1/12/16,116.110001,117.779999,115.080002,116.580002,116.580002,15133500,0.0347
1/13/16,114.43,114.480003,104.529999,106.559998,106.559998,24921600,0.0571
1/14/16,105.650002,109.25,101.209999,107.059998,107.059998,23664800,0.0542
1/15/16,102.43,105.5,101.720001,104.040001,104.040001,19775100,0.0453
1/19/16,106.57,110.139999,105.550003,107.889999,107.889999,35722800,0.0818
1/20/16,108.910004,109.989998,97.050003,107.739998,107.739998,53009400,0.1214
1/21/16,108.32,108.510002,102.099998,102.349998,102.349998,31027500,0.0711
1/22/16,104.720001,104.989998,99.220001,100.720001,100.720001,26821800,0.0614
1/25/16,99.779999,102.68,99,99.120003,99.120003,20321100,0.0465
1/26/16,99.739998,100.550003,94.849998,97.830002,97.830002,22024700,0.0504
1/27/16,96.610001,97.849998,90.589996,91.150002,91.150002,25556200,0.0585
1/28/16,93.839996,95.25,90.110001,94.410004,94.410004,24562300,0.0563
1/29/16,92,94.389999,90.629997,91.839996,91.839996,20463900,0.0469
2/1/16,91.790001,97.18,91.300003,94.089996,94.089996,19684500,0.0451
2/2/16,95.540001,96.650002,90.730003,91.489998,91.489998,21906500,0.0502
2/3/16,92.410004,92.690002,86.139999,90.739998,90.739998,27466000,0.0629
2/4/16,89.5,91.25,86.540001,89.709999,89.709999,19055400,0.0436
2/5/16,88.230003,88.949997,81.860001,82.790001,82.790001,25929300,0.0594
2/8/16,80.57,84.699997,79.949997,83.32,83.32,25035600,0.0573
2/9/16,81.75,88.400002,81.550003,86.129997,86.129997,25822400,0.0591
2/10/16,89,92.209999,87.419998,88.449997,88.449997,23146500,0.0530
2/11/16,87.419998,88.389999,82.910004,86.349998,86.349998,21820300,0.0500
2/12/16,86.639999,89.720001,85.260002,87.400002,87.400002,19067700,0.0437
2/16/16,89,90.139999,87.540001,89.050003,89.050003,16356600,0.0375
2/17/16,90.129997,94.769997,89.639999,94.760002,94.760002,18323800,0.0420
2/18/16,94.800003,94.900002,90.309998,90.489998,90.489998,17695300,0.0405
2/19/16,89.980003,91.400002,88.029999,89.230003,89.230003,14259200,0.0327
2/22/16,90.75,93.110001,88.300003,91.93,91.93,16321800,0.0374
2/23/16,91.400002,92.489998,89.050003,89.120003,89.120003,12744400,0.0292
2/24/16,88.5,91.760002,86.699997,91.610001,91.610001,15972800,0.0366
2/25/16,91.080002,94.809998,90.209999,94.529999,94.529999,17852900,0.0409
2/26/16,95.300003,97.480003,94.25,94.790001,94.790001,16975200,0.0389
2/29/16,94.809998,97.199997,93.339996,93.410004,93.410004,13663100,0.0313
3/1/16,94.580002,99.160004,93.610001,98.300003,98.300003,17048800,0.0390
3/2/16,98.010002,99.480003,95.900002,97.610001,97.610001,19102800,0.0438
3/3/16,97.830002,98.349998,95.389999,97.93,97.93,15303600,0.0351
3/4/16,98.760002,102.220001,98.32,101.580002,101.580002,23414600,0.0536
3/7/16,101,101.790001,95.25,95.489998,95.489998,23855200,0.0546
3/8/16,95,98.279999,94.5,96.230003,96.230003,14797000,0.0339
3/9/16,96.82,98.370003,95,98,98,12298700,0.0282
3/10/16,98.18,99.739998,95.449997,97.360001,97.360001,16979400,0.0389
3/11/16,99.510002,99.599998,96.050003,97.660004,97.660004,15114300,0.0346
3/14/16,97.199997,99.419998,97.169998,98.129997,98.129997,11251900,0.0258
3/15/16,97.870003,98.510002,96.43,97.860001,97.860001,9691800,0.0222
3/16/16,97.529999,99.730003,97.5,99.349998,99.349998,12630500,0.0289
3/17/16,99.050003,101.389999,99,99.720001,99.720001,13825000,0.0317
3/18/16,100.5,102.410004,100.010002,101.120003,101.120003,15453500,0.0354
3/21/16,101.150002,102.099998,99.5,101.059998,101.059998,9578500,0.0219
3/22/16,100.480003,101.519997,99.199997,99.839996,99.839996,9069900,0.0208
3/23/16,99.75,100.389999,98.809998,99.589996,99.589996,8313500,0.0190
3/24/16,98.639999,98.849998,97.07,98.360001,98.360001,10671100,0.0244
3/28/16,98.339996,101.440002,97.82,101.209999,101.209999,12432200,0.0285
3/29/16,101.080002,104.330002,101,104.129997,104.129997,15950600,0.0365
3/30/16,104.650002,104.910004,101.480003,102.190002,102.190002,14705000,0.0337
3/31/16,102.43,103.529999,101.050003,102.230003,102.230003,9747500,0.0223
4/1/16,102.93,105.790001,102.470001,105.699997,105.699997,14182400,0.0325
4/4/16,105.900002,105.919998,103.199997,104.349998,104.349998,10940400,0.0251
4/5/16,103.470001,105.75,103.25,104.940002,104.940002,10060900,0.0230
4/6/16,105.300003,106.440002,104.25,104.830002,104.830002,9585900,0.0220
4/7/16,104.309998,106.440002,103.599998,104.449997,104.449997,10774900,0.0247
4/8/16,105.120003,105.330002,102.82,103.809998,103.809998,7857600,0.0180
4/11/16,104.040001,104.980003,102.620003,102.68,102.68,7451300,0.0171
4/12/16,103.150002,107.220001,102.209999,106.980003,106.980003,12310200,0.0282
4/13/16,108,111.279999,107.879997,109.650002,109.650002,16701700,0.0383
4/14/16,110.010002,111.639999,109.150002,110.419998,110.419998,9532500,0.0218
4/15/16,110.639999,111.849998,109.779999,111.510002,111.510002,11746100,0.0269
4/18/16,109.900002,110.699997,106.019997,108.400002,108.400002,27001500,0.0618
4/19/16,99.489998,101.370003,94.199997,94.339996,94.339996,55728800,0.1276
4/20/16,94.339996,96.980003,93.139999,96.769997,96.769997,26613500,0.0610
4/21/16,97.309998,97.379997,94.779999,94.980003,94.980003,19919400,0.0456
4/22/16,94.849998,96.690002,94.209999,95.900002,95.900002,15806300,0.0362
4/25/16,95.699997,95.75,92.800003,93.559998,93.559998,14985400,0.0343
4/26/16,93.5,93.550003,91.25,92.43,92.43,15330900,0.0351
4/27/16,92.18,92.5,90.209999,91.040001,91.040001,12218900,0.0280
4/28/16,91.5,92.669998,90.089996,90.279999,90.279999,11474900,0.0263
4/29/16,90.5,90.559998,88.209999,90.029999,90.029999,13968000,0.0320
5/2/16,90.410004,93.220001,89.889999,93.110001,93.110001,12547000,0.0287
5/3/16,92.080002,93.25,91.300003,91.540001,91.540001,10593900,0.0243
5/4/16,91,92.160004,90.349998,90.790001,90.790001,7356800,0.0169
5/5/16,90.910004,92.080002,89.25,89.370003,89.370003,10368500,0.0237
5/6/16,88.830002,90.879997,88.110001,90.839996,90.839996,10433900,0.0239
5/9/16,90.730003,91.830002,89.900002,90.540001,90.540001,9543700,0.0219
5/10/16,91.139999,93.25,91.089996,92.889999,92.889999,11164200,0.0256
5/11/16,92.400002,92.589996,89.900002,90.019997,90.019997,11692900,0.0268
5/12/16,90.32,90.410004,85.739998,87.739998,87.739998,20408100,0.0467
5/13/16,87.389999,88.589996,86.260002,87.879997,87.879997,11571400,0.0265
5/16/16,87.559998,90,86.150002,89.120003,89.120003,11247800,0.0258
5/17/16,89,90.870003,88.169998,88.629997,88.629997,11571300,0.0265
5/18/16,88.25,91.720001,88.25,90.5,90.5,13911800,0.0319
5/19/16,90.160004,91.269997,88.300003,89.550003,89.550003,11450300,0.0262
5/20/16,90.080002,93.279999,89.980003,92.489998,92.489998,15063000,0.0345
5/23/16,92.980003,95.290001,92.849998,94.889999,94.889999,13962700,0.0320
5/24/16,95.980003,99.139999,95.75,97.889999,97.889999,21246000,0.0487
5/25/16,99,100.309998,98.300003,100.199997,100.199997,15142900,0.0347
5/26/16,103.209999,104,101.379997,102.809998,102.809998,17791400,0.0407
5/27/16,102.440002,103.5,101.440002,103.300003,103.300003,9092100,0.0208
5/31/16,102.949997,103.449997,102.129997,102.57,102.57,8725700,0.0200
6/1/16,101.5,101.919998,100.160004,101.510002,101.510002,8393400,0.0192
6/2/16,101.389999,102.150002,100.769997,101.25,101.25,7979900,0.0183
6/3/16,100.989998,101,98.529999,99.589996,99.589996,9224000,0.0211
6/6/16,100.290001,101.07,99.720001,100.739998,100.739998,6828100,0.0156
6/7/16,101.199997,101.629997,99.769997,99.889999,99.889999,6474700,0.0148
6/8/16,100.019997,100.279999,97.599998,97.860001,97.860001,9423900,0.0216
6/9/16,97.220001,98.43,96.660004,97.089996,97.089996,8923800,0.0204
6/10/16,94.879997,95.349998,93.279999,93.75,93.75,12907900,0.0296
6/13/16,95.019997,97.199997,93.620003,93.849998,93.849998,13484300,0.0309
6/14/16,94.160004,95.800003,93.269997,94.120003,94.120003,9480400,0.0217
6/15/16,94.610001,95.459999,93.5,94.290001,94.290001,7675400,0.0176
6/16/16,94.18,95.559998,93.25,95.440002,95.440002,7550800,0.0173
6/17/16,95.75,95.769997,94.199997,94.449997,94.449997,8046800,0.0184
6/20/16,95.220001,95.879997,93.650002,93.800003,93.800003,9026400,0.0207
6/21/16,93.870003,93.879997,90.769997,90.989998,90.989998,15199700,0.0348
6/22/16,90.779999,91.980003,89.769997,90.010002,90.010002,9454700,0.0217
6/23/16,90.620003,91.68,88.150002,91.660004,91.660004,10819000,0.0248
6/24/16,87.529999,90.489998,87.209999,88.440002,88.440002,11248600,0.0258
6/27/16,87.879997,88,84.809998,85.330002,85.330002,13730500,0.0314
6/28/16,87.410004,88.879997,86.410004,87.970001,87.970001,11545600,0.0264
6/29/16,89.669998,91.970001,88.699997,91.059998,91.059998,11687100,0.0268
6/30/16,90.910004,91.720001,89.900002,91.480003,91.480003,9099000,0.0208
7/1/16,95,97,94.800003,96.669998,96.669998,16167200,0.0370
7/5/16,95.199997,101.269997,93.309998,97.910004,97.910004,25879400,0.0593
7/6/16,95.029999,96,93.550003,94.599998,94.599998,16301200,0.0373
7/7/16,94.699997,95.379997,93.18,95.099998,95.099998,9902700,0.0227
7/8/16,96,97.410004,95.300003,97.059998,97.059998,8335400,0.0191
7/11/16,96.190002,96.870003,94.300003,94.669998,94.669998,13276200,0.0304
7/12/16,95.07,96.720001,94.089996,95.970001,95.970001,11617400,0.0266
7/13/16,96.260002,96.720001,94.800003,96.43,96.43,8768900,0.0201
7/14/16,97,98.269997,96.800003,98.019997,98.019997,9885000,0.0226
7/15/16,98.519997,98.699997,97.410004,98.389999,98.389999,9041900,0.0207
7/18/16,98.43,99.839996,97.239998,98.809998,98.809998,28669700,0.0657
7/19/16,85.43,86.75,84.5,85.839996,85.839996,55681200,0.1275
7/20/16,86.669998,88.489998,85.82,87.910004,87.910004,23525100,0.0539
7/21/16,88.300003,88.379997,85.209999,85.989998,85.989998,16084000,0.0368
7/22/16,86.480003,86.5,85.110001,85.889999,85.889999,11363900,0.0260
7/25/16,85.730003,87.870003,85.010002,87.660004,87.660004,14135000,0.0324
7/26/16,91.029999,93.099998,90.900002,91.410004,91.410004,19577600,0.0448
7/27/16,91.5,92.059998,90.099998,92.040001,92.040001,8672000,0.0199
7/28/16,91.919998,92.209999,90.68,91.650002,91.650002,6227700,0.0143
7/29/16,91.190002,91.75,90.589996,91.25,91.25,6960200,0.0159
8/1/16,91.230003,94.669998,90.5,94.370003,94.370003,10666900,0.0244
8/2/16,94,94.080002,92.18,93.559998,93.559998,9836200,0.0225
8/3/16,93.279999,94.669998,92.550003,93.099998,93.099998,7030900,0.0161
8/4/16,93.199997,93.730003,91.82,93.440002,93.440002,6026400,0.0138
8/5/16,93.769997,97.739998,93.559998,97.029999,97.029999,18364800,0.0421
8/8/16,95.910004,95.93,94,95.110001,95.110001,10135400,0.0232
8/9/16,95.120003,95.809998,93.480003,93.989998,93.989998,9175400,0.0210
8/10/16,94.400002,94.75,92.949997,93.93,93.93,6511100,0.0149
8/11/16,94.599998,96.330002,94.370003,95.889999,95.889999,8535500,0.0195
8/12/16,95.529999,96.830002,95.080002,96.589996,96.589996,6592900,0.0151
8/15/16,96.830002,96.910004,95.239998,95.309998,95.309998,7304600,0.0167
8/16/16,95.190002,95.610001,94.400002,95.120003,95.120003,6311300,0.0145
8/17/16,94.940002,96.93,94.849998,96.370003,96.370003,8315600,0.0190
8/18/16,95.980003,97.220001,95.169998,96.160004,96.160004,7252600,0.0166
8/19/16,96.050003,96.779999,95.510002,95.870003,95.870003,6942900,0.0159
8/22/16,95.669998,96.129997,94.949997,95.260002,95.260002,5830500,0.0134
8/23/16,95.68,96.589996,95.480003,95.940002,95.940002,5239100,0.0120
8/24/16,96.129997,96.360001,94.910004,95.18,95.18,6276500,0.0144
8/25/16,96.379997,98.25,96.040001,97.32,97.32,10823100,0.0248
8/26/16,97.330002,97.949997,96.57,97.580002,97.580002,6617600,0.0152
8/29/16,96.970001,98.449997,96.57,97.300003,97.300003,7972700,0.0183
8/30/16,97.839996,98.849998,97.139999,97.449997,97.449997,6093500,0.0140
8/31/16,97.480003,97.879997,96.760002,97.449997,97.449997,4690600,0.0107
9/1/16,97.809998,97.980003,96.919998,97.379997,97.379997,4148600,0.0095
9/2/16,97.900002,98.18,97.010002,97.379997,97.379997,4247200,0.0097
9/6/16,97.760002,100.32,97.650002,100.089996,100.089996,9036100,0.0207
9/7/16,100.110001,100.190002,98.419998,99.150002,99.150002,6468500,0.0148
9/8/16,99.230003,100.050003,98.82,99.660004,99.660004,5198200,0.0119
9/9/16,99.059998,99.389999,96.5,96.5,96.5,7373300,0.0169
9/12/16,95.910004,99.290001,95.709999,99.050003,99.050003,7718400,0.0177
9/13/16,97.169998,98,95.330002,96.089996,96.089996,11788100,0.0270
9/14/16,97.349998,98.349998,96.959999,97.010002,97.010002,8481000,0.0194
9/15/16,97.230003,97.970001,96.529999,97.339996,97.339996,5293500,0.0121
9/16/16,97.099998,99.489998,97.040001,99.480003,99.480003,9445100,0.0216
9/19/16,99.900002,100.349998,97.82,98.059998,98.059998,8608800,0.0197
9/20/16,98.779999,99.160004,97.660004,98.25,98.25,4736800,0.0108
9/21/16,96.900002,97.099998,93.260002,94.879997,94.879997,20042200,0.0459
9/22/16,95.540001,95.879997,94.230003,95.830002,95.830002,11215000,0.0257
9/23/16,95.75,96.970001,95.43,95.940002,95.940002,6179500,0.0142
9/26/16,95.379997,95.379997,94.040001,94.559998,94.559998,6739200,0.0154
9/27/16,95.040001,97.639999,95,97.07,97.07,9680100,0.0222
9/28/16,97.099998,97.589996,96.019997,97.480003,97.480003,7235100,0.0166
9/29/16,97.309998,98.309998,96.599998,96.669998,96.669998,6217600,0.0142
9/30/16,96.900002,99.529999,96.790001,98.550003,98.550003,9807900,0.0225
10/3/16,98,103.389999,98,102.629997,102.629997,15344500,0.0351
10/4/16,103.190002,104.440002,101.860001,102.339996,102.339996,12143100,0.0278
10/5/16,103.5,106.970001,103.43,106.279999,106.279999,12942900,0.0296
10/6/16,104.970001,105.470001,103.879997,105.07,105.07,6587700,0.0151
10/7/16,103.980003,106.5,103.550003,104.82,104.82,8659500,0.0198
10/10/16,103.18,104.529999,102.760002,103.330002,103.330002,6679100,0.0153
10/11/16,102.309998,102.900002,99.860001,100.589996,100.589996,9032900,0.0207
10/12/16,100.879997,102.470001,99.220001,99.5,99.5,7426500,0.0170
10/13/16,98.010002,100.5,97.629997,100.230003,100.230003,8319300,0.0191
10/14/16,101.589996,102.099998,100.349998,101.470001,101.470001,9531100,0.0218
10/17/16,100.5,100.730003,98.379997,99.800003,99.800003,26589500,0.0609
10/18/16,116.629997,119.82,116.5,118.790001,118.790001,42053700,0.0963
10/19/16,118.25,122.449997,118,121.870003,121.870003,21981700,0.0503
10/20/16,121.970001,123.75,121.059998,123.349998,123.349998,14492800,0.0332
10/21/16,122.5,127.849998,122.309998,127.5,127.5,18832400,0.0431
10/24/16,127.419998,129.289993,126.150002,127.330002,127.330002,15980700,0.0366
10/25/16,126.519997,128.059998,125.75,126.510002,126.510002,8253900,0.0189
10/26/16,126.290001,128.720001,125.75,126.970001,126.970001,8602400,0.0197
10/27/16,127.43,128.179993,125.93,126.470001,126.470001,6914200,0.0158
10/28/16,126.080002,128.929993,126.010002,126.57,126.57,7077300,0.0162
10/31/16,126.849998,126.900002,124.400002,124.870003,124.870003,6517500,0.0149
11/1/16,124.980003,125.830002,121.800003,123.300003,123.300003,6978600,0.0160
11/2/16,122.830002,124.07,121.830002,122.339996,122.339996,4816500,0.0110
11/3/16,122.309998,123.720001,121.839996,122.139999,122.139999,5041300,0.0115
11/4/16,122,123.43,121.620003,122.029999,122.029999,5077700,0.0116
11/7/16,124.260002,125.75,123.370003,124.580002,124.580002,5827100,0.0133
11/8/16,124.120003,125.809998,123.220001,124.339996,124.339996,4667300,0.0107
11/9/16,121.839996,123.650002,120.860001,122.190002,122.190002,7705700,0.0176
11/10/16,122.760002,122.970001,113.699997,115.419998,115.419998,19718700,0.0452
11/11/16,114.900002,116.629997,113.110001,114.779999,114.779999,11080300,0.0254
11/14/16,114.75,115.900002,110.68,113.379997,113.379997,9923700,0.0227
11/15/16,114.550003,116.410004,113.089996,113.589996,113.589996,7445100,0.0171
11/16/16,112.959999,116.120003,111.809998,115.190002,115.190002,5924800,0.0136
11/17/16,115.129997,116.809998,113.559998,115.029999,115.029999,6232700,0.0143
11/18/16,115.730003,116.419998,113.510002,115.209999,115.209999,6746800,0.0155
11/21/16,116.199997,118.720001,116.190002,117.959999,117.959999,7064500,0.0162
11/22/16,118.32,119.459999,116.980003,118.040001,118.040001,7007200,0.0160
11/23/16,117.760002,118.889999,117.309998,117.690002,117.690002,4517400,0.0103
11/25/16,117.639999,118.389999,117.18,117.410004,117.410004,1616300,0.0037
11/28/16,117.050003,117.620003,115.709999,116.93,116.93,5278900,0.0121
11/29/16,117.300003,119.18,117.129997,117.510002,117.510002,7082300,0.0162
11/30/16,119,120.370003,116.389999,117,117,7715100,0.0177
12/1/16,117.519997,118.68,113.949997,117.220001,117.220001,8636900,0.0198
12/2/16,116.75,120.980003,116.75,120.809998,120.809998,8953600,0.0205
12/5/16,120.730003,120.75,118.400002,119.160004,119.160004,7626300,0.0175
12/6/16,120.099998,124.790001,119.419998,124.57,124.57,11513200,0.0264
12/7/16,124.480003,125.75,123.25,125.389999,125.389999,8204700,0.0188
12/8/16,125.400002,126.349998,122.160004,123.239998,123.239998,8987700,0.0206
12/9/16,123.779999,124.300003,121.730003,122.879997,122.879997,4700800,0.0108
12/12/16,122.839996,124.029999,122.300003,122.830002,122.830002,3917600,0.0090
12/13/16,123.510002,125.089996,122.779999,123.779999,123.779999,5564500,0.0127
12/14/16,123.43,124.400002,122.5,123.440002,123.440002,6110300,0.0140
12/15/16,123.440002,127.43,122.949997,125,125,7376200,0.0169
12/16/16,126.389999,126.68,124.010002,124.220001,124.220001,7821700,0.0179
12/19/16,124.300003,126.440002,122.870003,125.449997,125.449997,4867300,0.0111
12/20/16,125.459999,126.300003,124.639999,125.120003,125.120003,3937800,0.0090
12/21/16,125.529999,127.739998,125,126.5,126.5,6514800,0.0149
12/22/16,126.839996,127.5,125.18,125.580002,125.580002,4160700,0.0095
12/23/16,125.610001,126.279999,125.080002,125.589996,125.589996,2002100,0.0046
12/27/16,126.239998,129.050003,125.699997,128.350006,128.350006,5288200,0.0121
12/28/16,129.070007,129.070007,125.760002,125.889999,125.889999,4389200,0.0101
12/29/16,125.949997,126.139999,124.199997,125.330002,125.330002,3443700,0.0079
12/30/16,126.239998,126.57,123.599998,123.800003,123.800003,4455400,0.0102
1/3/17,124.959999,128.190002,124.309998,127.489998,127.489998,9437900,0.0216
1/4/17,127.489998,130.169998,126.550003,129.410004,129.410004,7843600,0.0180
1/5/17,129.220001,132.75,128.899994,131.809998,131.809998,10185500,0.0233
1/6/17,132.080002,133.880005,129.809998,131.070007,131.070007,10657900,0.0244
1/9/17,131.479996,131.990005,129.889999,130.949997,130.949997,5766900,0.0132
1/10/17,131.270004,132.220001,129.289993,129.889999,129.889999,5985800,0.0137
1/11/17,130.910004,131.5,129.25,130.5,130.5,5615100,0.0129
1/12/17,130.630005,130.850006,128.5,129.179993,129.179993,5388900,0.0123
1/13/17,131.149994,133.929993,130.580002,133.699997,133.699997,10515000,0.0241
1/17/17,135.039993,135.399994,132.089996,132.889999,132.889999,12183200,0.0279
1/18/17,133.210007,133.649994,131.059998,133.259995,133.259995,16168600,0.0370
1/19/17,142.009995,143.460007,138.25,138.410004,138.410004,23203400,0.0531
1/20/17,139.360001,140.789993,137.660004,138.600006,138.600006,9497400,0.0218
1/23/17,138.649994,139.490005,137.309998,137.389999,137.389999,7433900,0.0170
1/24/17,138.110001,140.929993,137.029999,140.110001,140.110001,7754700,0.0178
1/25/17,140.800003,141.389999,139.050003,139.520004,139.520004,7238100,0.0166
1/26/17,140.449997,141.210007,138.509995,138.960007,138.960007,6038300,0.0138
1/27/17,139.460007,142.490005,139,142.449997,142.449997,8323900,0.0191
1/30/17,141.770004,141.970001,138.800003,141.220001,141.220001,8122500,0.0186
1/31/17,140.550003,141.830002,139.699997,140.710007,140.710007,4411600,0.0101
2/1/17,141.199997,142.410004,139.300003,140.779999,140.779999,6033400,0.0138
2/2/17,140.610001,141.039993,139.050003,139.199997,139.199997,3462400,0.0079
2/3/17,139.509995,140.639999,139.100006,140.25,140.25,3512600,0.0080
2/6/17,140,141,139.160004,140.970001,140.970001,3552100,0.0081
2/7/17,141.490005,144.279999,141.050003,144,144,8573500,0.0196
2/8/17,143.570007,145.070007,142.559998,144.740005,144.740005,6887100,0.0158
2/9/17,144.979996,145.089996,143.580002,144.139999,144.139999,4555100,0.0104
2/10/17,144.679993,145.300003,143.970001,144.820007,144.820007,6171900,0.0141
2/13/17,145.190002,145.949997,143.050003,143.199997,143.199997,4790400,0.0110
2/14/17,143.199997,144.110001,140.050003,140.820007,140.820007,8355000,0.0191
2/15/17,140.720001,142.429993,140.509995,142.270004,142.270004,5309100,0.0122
2/16/17,142.419998,142.440002,141.070007,142.009995,142.009995,2847500,0.0065
2/17/17,141.75,142.899994,141.270004,142.220001,142.220001,4588100,0.0105
2/21/17,142.990005,143.380005,141.809998,142.600006,142.600006,3571500,0.0082
2/22/17,142.919998,144,142.169998,143.860001,143.860001,3482000,0.0080
2/23/17,144.449997,144.490005,141.520004,142.779999,142.779999,4668000,0.0107
2/24/17,141.880005,143.559998,141.550003,143.25,143.25,3302700,0.0076
2/27/17,143.119995,143.919998,142.380005,143.410004,143.410004,3907400,0.0089
2/28/17,143.300003,143.570007,141.850006,142.130005,142.130005,3862200,0.0088
3/1/17,142.839996,143.259995,142.100006,142.649994,142.649994,4170600,0.0096
3/2/17,142.149994,142.699997,139.089996,139.529999,139.529999,6119900,0.0140
3/3/17,139.690002,140.910004,138.259995,139.139999,139.139999,5399800,0.0124
3/6/17,141,142.839996,140.539993,141.940002,141.940002,7116100,0.0163
3/7/17,141.990005,142.399994,140.380005,141.429993,141.429993,4241000,0.0097
3/8/17,141.470001,142.059998,139.770004,140.320007,140.320007,4085500,0.0094
3/9/17,140.039993,141.240005,139.740005,140.529999,140.529999,2652700,0.0061
3/10/17,141.389999,141.800003,140.279999,140.889999,140.889999,3318500,0.0076
3/13/17,140.899994,143.710007,140.320007,143.520004,143.520004,4922400,0.0113
3/14/17,142.949997,143.309998,141.699997,143.190002,143.190002,4660300,0.0107
3/15/17,144.199997,145.520004,143.229996,145.25,145.25,5987200,0.0137
3/16/17,145.5,146.5,144.220001,144.389999,144.389999,5286500,0.0121
3/17/17,144.050003,145.759995,143.399994,145.110001,145.110001,6281300,0.0144
3/20/17,145.449997,146.25,144.580002,145.830002,145.830002,3421000,0.0078
3/21/17,146.75,147.699997,142.100006,142.419998,142.419998,7669800,0.0176
3/22/17,142.539993,143.800003,140.759995,142.649994,142.649994,6486900,0.0149
3/23/17,142.139999,142.889999,141.259995,141.839996,141.839996,3712600,0.0085
3/24/17,142.360001,142.800003,141.580002,142.020004,142.020004,3546600,0.0081
3/27/17,140.830002,144.389999,140,144.059998,144.059998,4771700,0.0109
3/28/17,144.100006,146.110001,143.919998,145.169998,145.169998,4638000,0.0106
3/29/17,145.5,147.179993,144.910004,146.470001,146.470001,3855000,0.0088
3/30/17,146.809998,148.289993,146.529999,148.059998,148.059998,4461100,0.0102
3/31/17,148,148.229996,147.330002,147.809998,147.809998,3888200,0.0089
4/3/17,146.699997,148.009995,145.740005,146.919998,146.919998,4609300,0.0106
4/4/17,146.839996,147.089996,144.889999,145.5,145.5,4368900,0.0100
4/5/17,146.190002,146.25,143.259995,143.619995,143.619995,4607600,0.0106
4/6/17,144,144.139999,143.009995,143.740005,143.740005,3312400,0.0076
4/7/17,143.789993,143.889999,142.710007,143.110001,143.110001,3040500,0.0070
4/10/17,143.039993,144.649994,141.210007,143.850006,143.850006,5807400,0.0133
4/11/17,144.279999,144.539993,141.979996,144.350006,144.350006,4621500,0.0106
4/12/17,144.850006,145.740005,143.550003,143.830002,143.830002,4387000,0.0100
4/13/17,144.25,144.550003,142.759995,142.919998,142.919998,3685800,0.0084
4/17/17,144.429993,147.320007,144.429993,147.25,147.25,16364700,0.0375
4/18/17,147.339996,147.399994,140,143.360001,143.360001,19671000,0.0451
4/19/17,143.369995,144,138.660004,139.759995,139.759995,12395100,0.0284
4/20/17,140.300003,141.800003,139.270004,141.179993,141.179993,7248200,0.0166
4/21/17,141.389999,143.029999,140.899994,142.869995,142.869995,6824800,0.0156
4/24/17,143.610001,144.5,143.399994,143.830002,143.830002,4800900,0.0110
4/25/17,147.460007,153.520004,146.220001,152.160004,152.160004,20674200,0.0474
4/26/17,151.529999,152.149994,148.899994,150.169998,150.169998,9274100,0.0212
4/27/17,150.600006,153.490005,149.300003,153.080002,153.080002,7719400,0.0177
4/28/17,152.710007,152.970001,150.940002,152.199997,152.199997,6356400,0.0146
5/1/17,151.910004,157.699997,151.610001,155.350006,155.350006,9031600,0.0207
5/2/17,155.759995,156.5,154.610001,156.449997,156.449997,5384800,0.0123
5/3/17,156.289993,156.539993,154.880005,155.589996,155.589996,3931200,0.0090
5/4/17,155.589996,157.899994,154.550003,157.25,157.25,5582300,0.0128
5/5/17,158.550003,158.589996,155.899994,156.600006,156.600006,5341700,0.0122
5/8/17,156.550003,157.639999,155.300003,156.380005,156.380005,4818800,0.0110
5/9/17,156.100006,157.850006,155.970001,157.460007,157.460007,3911000,0.0090
5/10/17,157.820007,161.100006,156.559998,160.279999,160.279999,6869900,0.0157
5/11/17,160.330002,160.520004,157.550003,158.539993,158.539993,5677400,0.0130
5/12/17,159.110001,160.839996,158.509995,160.809998,160.809998,5092900,0.0117
5/15/17,160.25,161.779999,159.759995,160.020004,160.020004,4972000,0.0114
5/16/17,160.5,161.179993,159.330002,159.410004,159.410004,3464900,0.0079
5/17/17,158.089996,158.779999,153,153.199997,153.199997,8184500,0.0187
5/18/17,153.610001,156.889999,153.240005,155.699997,155.699997,6802700,0.0156
5/19/17,156.149994,158.050003,155.910004,157.020004,157.020004,4091500,0.0094
5/22/17,157.860001,158.600006,156.429993,157.160004,157.160004,3744100,0.0086
5/23/17,157.75,158.309998,156.800003,157.949997,157.949997,3370900,0.0077
5/24/17,158.350006,158.479996,157.169998,157.75,157.75,2970800,0.0068
5/25/17,161,164.100006,160.550003,163.050003,163.050003,8561000,0.0196
5/26/17,162.839996,163.050003,161.119995,162.429993,162.429993,4834300,0.0111
5/30/17,163.600006,164.75,162.710007,163.220001,163.220001,4828600,0.0111
5/31/17,163.610001,164,160.740005,163.070007,163.070007,5328900,0.0122
6/1/17,163.520004,163.929993,161.699997,162.990005,162.990005,3896300,0.0089
6/2/17,163.419998,165.360001,162.800003,165.179993,165.179993,4259100,0.0098
6/5/17,165.490005,165.5,163.429993,165.059998,165.059998,3875200,0.0089
6/6/17,164.949997,166.820007,164.509995,165.169998,165.169998,4382100,0.0100
6/7/17,165.600006,166.399994,164.410004,165.610001,165.610001,3353100,0.0077
6/8/17,166.119995,166.869995,164.839996,165.880005,165.880005,3695200,0.0085
6/9/17,166.270004,166.270004,154.5,158.029999,158.029999,10292000,0.0236
6/12/17,155.300003,155.529999,148.309998,151.440002,151.440002,14114500,0.0323
6/13/17,154.380005,155.679993,150.130005,152.720001,152.720001,8484700,0.0194
6/14/17,154.339996,155.619995,150.279999,152.199997,152.199997,6461800,0.0148
6/15/17,149.440002,152.559998,147.300003,151.759995,151.759995,7319700,0.0168
6/16/17,151.449997,153.529999,150.389999,152.380005,152.380005,6909700,0.0158
6/19/17,154.289993,155.580002,152.410004,153.399994,153.399994,6544300,0.0150
6/20/17,153.679993,154.5,151.399994,152.050003,152.050003,4878700,0.0112
6/21/17,152.5,155.380005,152.259995,155.029999,155.029999,5803400,0.0133
6/22/17,155.130005,155.199997,153.699997,154.889999,154.889999,3769200,0.0086
6/23/17,155.009995,158.190002,153.759995,158.020004,158.020004,6250800,0.0143
6/26/17,158.779999,159.970001,156.559998,157.5,157.5,6016000,0.0138
6/27/17,156.619995,156.979996,150.720001,151.029999,151.029999,7424300,0.0170
6/28/17,151.639999,154.199997,150.119995,153.410004,153.410004,5589900,0.0128
6/29/17,152.820007,152.820007,148,150.089996,150.089996,7142500,0.0164
6/30/17,149.759995,150.710007,148.419998,149.410004,149.410004,5213300,0.0119
7/3/17,149.800003,150.449997,145.800003,146.169998,146.169998,3908200,0.0090
7/5/17,146.580002,148.259995,145.580002,147.610001,147.610001,4627800,0.0106
7/6/17,146.130005,147.270004,144.25,146.25,146.25,5486500,0.0126
7/7/17,146.649994,150.75,146.649994,150.179993,150.179993,5561300,0.0127
7/10/17,150.339996,153.229996,149.649994,152.669998,152.669998,5360600,0.0123
7/11/17,152.369995,155.229996,151.550003,154.330002,154.330002,4898600,0.0112
7/12/17,155.770004,158.800003,155.770004,158.75,158.75,8481800,0.0194
7/13/17,158.509995,160.130005,156.979996,158.210007,158.210007,6700100,0.0153
7/14/17,159.300003,161.350006,157.970001,161.119995,161.119995,5549200,0.0127
7/17/17,162.910004,163.550003,160.020004,161.699997,161.699997,17496700,0.0401
7/18/17,176.119995,185,174.240005,183.600006,183.600006,41587400,0.0953
7/19/17,182.970001,187.169998,181.75,183.860001,183.860001,17344300,0.0397
7/20/17,183.839996,185.919998,182.699997,183.600006,183.600006,7907200,0.0181
7/21/17,182.720001,191.5,182.710007,188.539993,188.539993,9277400,0.0212
7/24/17,188.690002,190.25,187.009995,187.910004,187.910004,8797300,0.0201
7/25/17,187.789993,188.660004,185.809998,186.970001,186.970001,5374500,0.0123
7/26/17,187.699997,189.699997,187.509995,189.080002,189.080002,4479300,0.0103
7/27/17,189.889999,190,179.380005,182.679993,182.679993,11221000,0.0257
7/28/17,182,185.029999,181.179993,184.039993,184.039993,6201900,0.0142
7/31/17,184.259995,184.970001,180.649994,181.660004,181.660004,4883600,0.0112
8/1/17,182.490005,184.619995,181.429993,182.029999,182.029999,5112700,0.0117
8/2/17,182.220001,182.570007,177.809998,180.740005,180.740005,5771300,0.0132
8/3/17,180.529999,181.220001,178.020004,179.229996,179.229996,4627700,0.0106
8/4/17,179.600006,181,178.5,180.270004,180.270004,4491100,0.0103
8/7/17,181,182.270004,179.100006,181.330002,181.330002,4609800,0.0106
8/8/17,181.369995,181.910004,177.449997,178.360001,178.360001,6104000,0.0140
8/9/17,171.429993,175.960007,170.009995,175.779999,175.779999,9670500,0.0221
8/10/17,174.029999,174.449997,167.600006,169.139999,169.139999,9693100,0.0222
8/11/17,169.860001,172.580002,169,171.399994,171.399994,5022300,0.0115
8/14/17,169.800003,172.449997,168.800003,171,171,7457100,0.0171
8/15/17,171.529999,171.880005,168.25,168.5,168.5,5656100,0.0130
8/16/17,167.5,170.5,166.25,169.979996,169.979996,7013600,0.0161
8/17/17,169.229996,170.580002,165.720001,166.089996,166.089996,5229200,0.0120
8/18/17,165.949997,169.970001,165.800003,166.539993,166.539993,7385700,0.0169
8/21/17,166.910004,168.990005,164.229996,166.759995,166.759995,6480700,0.0148
8/22/17,167.759995,169.929993,167.039993,169.339996,169.339996,4886300,0.0112
8/23/17,168.350006,169.639999,166.699997,169.059998,169.059998,4632300,0.0106
8/24/17,169.860001,171.240005,166.149994,168.130005,168.130005,5361700,0.0123
8/25/17,168.580002,168.75,165.5,165.949997,165.949997,4064000,0.0093
8/28/17,166.429993,168.669998,165.600006,167.119995,167.119995,3657300,0.0084
8/29/17,165,169.679993,164.729996,168.809998,168.809998,4620900,0.0106
8/30/17,169.5,174.850006,169.369995,174.690002,174.690002,8034700,0.0184
8/31/17,175.449997,176.240005,173.860001,174.710007,174.710007,6941000,0.0159
9/1/17,175.550003,176.479996,173.919998,174.740005,174.740005,3813000,0.0087
9/5/17,173.399994,175.880005,172.440002,174.520004,174.520004,4589500,0.0105
9/6/17,175.25,179.460007,173.729996,179.25,179.25,8742600,0.0200
9/7/17,178.800003,180.350006,177.100006,179,179,6036100,0.0138
9/8/17,178.449997,180.389999,176.25,176.419998,176.419998,4590800,0.0105
9/11/17,178.100006,182.470001,178.029999,181.740005,181.740005,5979400,0.0137
9/12/17,182.550003,185.330002,180.639999,185.149994,185.149994,6689600,0.0153
9/13/17,184.070007,184.5,182.550003,183.639999,183.639999,4320300,0.0099
9/14/17,183.25,185.289993,182.070007,182.630005,182.630005,4510700,0.0103
9/15/17,182.729996,184.929993,181.429993,182.350006,182.350006,5591700,0.0128
9/18/17,183.610001,185.449997,182.729996,184.619995,184.619995,5359600,0.0123
9/19/17,184.979996,186.229996,184.169998,185.679993,185.679993,4982100,0.0114
9/20/17,186.100006,186.5,183.199997,185.509995,185.509995,4625000,0.0106
9/21/17,185.820007,189.949997,184.509995,188.779999,188.779999,7148100,0.0164
9/22/17,188.399994,189.850006,186.389999,187.350006,187.350006,5464300,0.0125
9/25/17,186.460007,186.550003,177.699997,178.550003,178.550003,9367200,0.0215
9/26/17,180.699997,180.949997,176.550003,179.380005,179.380005,5602500,0.0128
9/27/17,181.009995,183.339996,180.699997,181.970001,181.970001,5710500,0.0131
9/28/17,181.25,181.949997,179.360001,180.699997,180.699997,4077000,0.0093
9/29/17,180.729996,182.899994,180.649994,181.350006,181.350006,4227900,0.0097
10/2/17,182.110001,182.800003,176.580002,177.009995,177.009995,7342000,0.0168
10/3/17,177.649994,179.699997,177.550003,179.190002,179.190002,3956900,0.0091
10/4/17,181.410004,186.699997,181.25,184.449997,184.449997,9235900,0.0212
10/5/17,185.649994,194.490005,184.490005,194.389999,194.389999,19412700,0.0445
10/6/17,194.300003,198.919998,192.050003,198.020004,198.020004,15348400,0.0352
10/9/17,199.100006,199.399994,196.559998,196.869995,196.869995,6971700,0.0160
10/10/17,197.850006,198.300003,192.100006,195.080002,195.080002,6233800,0.0143
10/11/17,195.570007,196.220001,193.809998,194.949997,194.949997,6450200,0.0148
10/12/17,196.75,198.619995,194.710007,195.860001,195.860001,7753300,0.0178
10/13/17,199.699997,200.820007,197.190002,199.490005,199.490005,12081300,0.0277
10/16/17,201.949997,202.830002,197.860001,202.679993,202.679993,22105400,0.0506
10/17/17,200.110001,204.380005,197.770004,199.479996,199.479996,23900100,0.0547
10/18/17,199.990005,200.009995,194.25,195.539993,195.539993,11198900,0.0257
10/19/17,193.009995,195.25,191.160004,195.130005,195.130005,7034600,0.0161
10/20/17,195.899994,196.380005,193.770004,194.160004,194.160004,5995600,0.0137
10/23/17,194.169998,194.899994,191.029999,192.470001,192.470001,6980000,0.0160
10/24/17,192.75,196.740005,191.399994,196.020004,196.020004,7069100,0.0162
10/25/17,195.380005,197.059998,193.009995,193.770004,193.770004,5315300,0.0122
10/26/17,194.660004,197.610001,194.080002,195.210007,195.210007,5185800,0.0119
10/27/17,197.199997,200.649994,196.220001,199.539993,199.539993,8128600,0.0186
10/30/17,199.619995,201.100006,197.070007,198.369995,198.369995,5439600,0.0125
10/31/17,198.210007,198.589996,195.220001,196.429993,196.429993,5518600,0.0126
11/1/17,197.240005,199.199997,196,198,198,5017400,0.0115
11/2/17,197.449997,199.440002,197.089996,199.320007,199.320007,3606300,0.0083
11/3/17,199.800003,200.550003,197.990005,200.009995,200.009995,3678800,0.0084
11/6/17,200,202.479996,198.089996,200.130005,200.130005,5840800,0.0134
11/7/17,200,200.610001,194.800003,195.889999,195.889999,6468000,0.0148
11/8/17,196,197.089996,194.740005,196.440002,196.440002,4237400,0.0097
11/9/17,194.460007,194.490005,190.809998,193.899994,193.899994,5979900,0.0137
11/10/17,191.610001,192.589996,189.5,192.020004,192.020004,6622200,0.0152
11/13/17,191.119995,196.050003,191,195.080002,195.080002,4607000,0.0106
11/14/17,193.639999,195.880005,193,195.710007,195.710007,3450500,0.0079
11/15/17,194.539993,195.419998,191.529999,192.119995,192.119995,4203100,0.0096
11/16/17,194.330002,197.699997,193.75,195.509995,195.509995,5678400,0.0130
11/17/17,195.740005,195.949997,192.649994,193.199997,193.199997,3906300,0.0089
11/20/17,193.300003,194.320007,191.899994,194.100006,194.100006,3827500,0.0088
11/21/17,195.039993,197.520004,194.970001,196.229996,196.229996,4787300,0.0110
11/22/17,196.580002,196.75,193.630005,196.320007,196.320007,5895400,0.0135
11/24/17,196.649994,196.899994,195.330002,195.75,195.75,2160500,0.0049
11/27/17,195.559998,195.850006,194,195.050003,195.050003,3210100,0.0074
11/28/17,195.339996,199.679993,194.009995,199.179993,199.179993,6981100,0.0160
11/29/17,198.910004,199.029999,184.320007,188.149994,188.149994,14202700,0.0325
11/30/17,190.309998,190.860001,186.679993,187.580002,187.580002,6630100,0.0152
12/1/17,186.990005,189.800003,185,186.820007,186.820007,6219500,0.0142
12/4/17,189.360001,189.720001,178.380005,184.039993,184.039993,9069800,0.0208
12/5/17,183.5,188.139999,181.190002,184.210007,184.210007,5783700,0.0132
12/6/17,183.380005,186.479996,182.880005,185.300003,185.300003,5490100,0.0126
12/7/17,185.710007,187.339996,183.220001,185.199997,185.199997,4659500,0.0107
12/8/17,186.5,189.419998,186.300003,188.539993,188.539993,4987300,0.0114
12/11/17,187.850006,189.419998,185.910004,186.220001,186.220001,5298600,0.0121
12/12/17,186.009995,187.850006,184.820007,185.729996,185.729996,4265900,0.0098
12/13/17,186.100006,188.690002,185.410004,187.860001,187.860001,4710000,0.0108
12/14/17,187.979996,192.639999,187.199997,189.559998,189.559998,7792800,0.0178
12/15/17,189.610001,191.429993,188.009995,190.119995,190.119995,7285600,0.0167
12/18/17,191.199997,191.649994,188.899994,190.419998,190.419998,5011000,0.0115
12/19/17,190.179993,190.300003,185.75,187.020004,187.020004,7033000,0.0161
12/20/17,187.940002,189.110001,185.259995,188.820007,188.820007,6545400,0.0150
12/21/17,189.440002,190.949997,187.580002,188.619995,188.619995,4729800,0.0108
12/22/17,188.330002,190.949997,186.800003,189.940002,189.940002,3878900,0.0089
12/26/17,189.779999,189.940002,186.399994,187.759995,187.759995,3045700,0.0070
12/27/17,187.800003,188.100006,185.220001,186.240005,186.240005,4002100,0.0092
12/28/17,187.179993,194.490005,186.850006,192.710007,192.710007,10107400,0.0232
12/29/17,192.509995,193.949997,191.220001,191.960007,191.960007,5187600,0.0119
1/2/18,196.100006,201.649994,195.419998,201.070007,201.070007,10966900,0.0251
1/3/18,202.050003,206.210007,201.5,205.050003,205.050003,8591400,0.0197
1/4/18,206.199997,207.050003,204,205.630005,205.630005,6029600,0.0138
1/5/18,207.25,210.020004,205.589996,209.990005,209.990005,7033200,0.0161
1/8/18,210.020004,212.5,208.440002,212.050003,212.050003,5580200,0.0128
1/9/18,212.110001,212.979996,208.589996,209.309998,209.309998,6125900,0.0140
1/10/18,207.570007,213.639999,206.910004,212.520004,212.520004,5951500,0.0136
1/11/18,214.289993,217.75,213.350006,217.240005,217.240005,7659500,0.0175
1/12/18,217.179993,222.550003,216,221.229996,221.229996,8199400,0.0188
1/16/18,224.240005,226.070007,217.199997,221.529999,221.529999,13516100,0.0310
1/17/18,221,221.149994,216.320007,217.5,217.5,9037400,0.0207
1/18/18,220.339996,220.580002,216.550003,220.330002,220.330002,8225300,0.0188
1/19/18,222.75,223.490005,218.5,220.460007,220.460007,10548600,0.0242
1/22/18,222,227.789993,221.199997,227.580002,227.580002,17703300,0.0405
1/23/18,255.050003,257.709991,248.020004,250.289993,250.289993,27705300,0.0635
1/24/18,250.880005,261.709991,249.309998,261.299988,261.299988,17352400,0.0397
1/25/18,263,272.299988,260.230011,269.700012,269.700012,15336400,0.0351
1/26/18,271.48999,274.600006,268.76001,274.600006,274.600006,11021800,0.0252
1/29/18,274.200012,286.809998,273.920013,284.589996,284.589996,17529700,0.0402
1/30/18,277,282.730011,272.700012,278.799988,278.799988,12482900,0.0286
1/31/18,281.940002,282.290009,269.579987,270.299988,270.299988,11695100,0.0268
2/1/18,266.410004,271.950012,263.380005,265.070007,265.070007,9669000,0.0221
2/2/18,263,270.619995,262.709991,267.429993,267.429993,9123600,0.0209
2/5/18,262,267.899994,250.029999,254.259995,254.259995,11896100,0.0272
2/6/18,247.699997,266.700012,245,265.720001,265.720001,12595800,0.0288
2/7/18,266.579987,272.450012,264.329987,264.559998,264.559998,8981500,0.0206
2/8/18,267.079987,267.619995,250,250.100006,250.100006,9306700,0.0213
2/9/18,253.850006,255.800003,236.110001,249.470001,249.470001,16906900,0.0387
2/12/18,252.139999,259.149994,249,257.950012,257.950012,8534900,0.0195
2/13/18,257.290009,261.410004,254.699997,258.269989,258.269989,6855200,0.0157
2/14/18,260.470001,269.880005,260.329987,266,266,10972000,0.0251
2/15/18,270.029999,280.5,267.630005,280.269989,280.269989,10759700,0.0246
2/16/18,278.730011,281.959991,275.690002,278.519989,278.519989,8312400,0.0190
2/20/18,277.73999,285.809998,276.609985,278.549988,278.549988,7769000,0.0178
2/21/18,282.070007,286.640015,280.01001,281.040009,281.040009,9371100,0.0215
2/22/18,283.880005,284.5,274.450012,278.140015,278.140015,8891500,0.0204
2/23/18,281,286,277.809998,285.929993,285.929993,7301800,0.0167
2/26/18,288.75,295.649994,287.01001,294.160004,294.160004,10268600,0.0235
2/27/18,294.769989,297.359985,290.589996,290.609985,290.609985,9416500,0.0216
2/28/18,293.100006,295.75,290.779999,291.380005,291.380005,7653500,0.0175
3/1/18,292.75,295.25,283.829987,290.390015,290.390015,11932100,0.0273
3/2/18,284.649994,301.179993,283.230011,301.049988,301.049988,13345300,0.0306
3/5/18,302.850006,316.910004,297.600006,315,315,18986100,0.0435
3/6/18,319.880005,325.790009,316.5,325.220001,325.220001,18525800,0.0424
3/7/18,320,323.73999,314.549988,321.160004,321.160004,17132200,0.0392
3/8/18,322.200012,322.920013,314.130005,317,317,11340100,0.0260
3/9/18,321.329987,331.440002,320.230011,331.440002,331.440002,14500200,0.0332
3/12/18,333.559998,333.980011,318.600006,321.299988,321.299988,20369200,0.0467
3/13/18,323.869995,325.839996,313.279999,315.880005,315.880005,12917200,0.0296
3/14/18,318.160004,323.880005,317.700012,321.549988,321.549988,10475100,0.0240
3/15/18,323.170013,323.399994,318.140015,321.089996,321.089996,5642900,0.0129
3/16/18,321.420013,324.109985,318.369995,318.450012,318.450012,7333700,0.0168
3/19/18,315.799988,317,307.339996,313.480011,313.480011,9925200,0.0227
3/20/18,313.26001,319.5,312.799988,317.5,317.5,5991900,0.0137
3/21/18,316.350006,319.399994,314.51001,316.480011,316.480011,5263900,0.0121
3/22/18,313.070007,314.119995,305.660004,306.700012,306.700012,8063300,0.0185
3/23/18,307.410004,309.369995,300.359985,300.940002,300.940002,9529900,0.0218
3/26/18,309.359985,321.029999,302,320.350006,320.350006,11988300,0.0275
3/27/18,322.48999,322.899994,297,300.690002,300.690002,12068600,0.0276
3/28/18,298.390015,298.799988,281.609985,285.769989,285.769989,18972900,0.0435
3/29/18,287,295.350006,275.899994,295.350006,295.350006,19145500,0.0439
4/2/18,291.940002,292.869995,275.049988,280.290009,280.290009,13405800,0.0307
4/3/18,285.450012,291.25,278.01001,283.670013,283.670013,12694900,0.0291
4/4/18,273.630005,290.309998,271.220001,288.940002,288.940002,12914000,0.0296
4/5/18,293.149994,299.160004,289.109985,293.970001,293.970001,10655200,0.0244
4/6/18,289.100006,298.850006,285.649994,288.850006,288.850006,11444800,0.0262
4/9/18,291.769989,299.549988,289.119995,289.929993,289.929993,9853600,0.0226
4/10/18,297.679993,298.950012,291.690002,298.070007,298.070007,10660500,0.0244
4/11/18,302.880005,311.640015,301.820007,303.670013,303.670013,14877400,0.0341
4/12/18,309.720001,311.130005,306.75,309.25,309.25,10249400,0.0235
4/13/18,317.290009,317.48999,308.230011,311.649994,311.649994,12046600,0.0276
4/16/18,315.98999,316.100006,304,307.779999,307.779999,20307900,0.0465
4/17/18,329.660004,338.619995,323.769989,336.059998,336.059998,33866500,0.0776
4/18/18,336.299988,338.820007,331.100006,334.519989,334.519989,11221100,0.0257
4/19/18,332.880005,335.309998,326.769989,332.700012,332.700012,8438800,0.0193
4/20/18,332.220001,336.51001,326,327.769989,327.769989,9158700,0.0210
4/23/18,329.149994,331.220001,317.079987,318.690002,318.690002,8968000,0.0205
4/24/18,319.220001,320.25,302.309998,307.019989,307.019989,13893200,0.0318
4/25/18,306.369995,309.980011,292.619995,305.76001,305.76001,14919700,0.0342
4/26/18,310,316.630005,305.579987,313.980011,313.980011,9266700,0.0212
4/27/18,316.25,317.450012,306.5,311.76001,311.76001,7074400,0.0162
4/30/18,311.070007,317.880005,310.119995,312.459991,312.459991,6088800,0.0139
5/1/18,310.359985,313.480011,306.690002,313.299988,313.299988,6036600,0.0138
5/2/18,311.649994,317.100006,310.399994,313.359985,313.359985,5697100,0.0130
5/3/18,312.589996,312.589996,305.730011,311.690002,311.690002,6135800,0.0141
5/4/18,308.709991,320.980011,307.670013,320.089996,320.089996,8209500,0.0188
5/7/18,321.98999,329.019989,319.339996,326.26001,326.26001,7117800,0.0163
5/8/18,325.899994,327.350006,323.049988,326.890015,326.890015,4735700,0.0108
5/9/18,328.790009,331.950012,327.51001,330.299988,330.299988,5633400,0.0129
5/10/18,331.5,332.059998,327.339996,329.600006,329.600006,5302300,0.0121
5/11/18,329.649994,331.26001,324.869995,326.459991,326.459991,4589700,0.0105
5/14/18,327.25,330.5,327.040009,328.529999,328.529999,4089800,0.0094
5/15/18,325.940002,326.940002,322.429993,326.130005,326.130005,4746100,0.0109
5/16/18,326.279999,329.720001,325.140015,328.190002,328.190002,3671700,0.0084
5/17/18,327.529999,330.450012,323.170013,325.220001,325.220001,4935700,0.0113
5/18/18,324.899994,326.420013,322.799988,324.179993,324.179993,3577700,0.0082
5/21/18,327.109985,331.880005,325.450012,331.820007,331.820007,6657300,0.0152
5/22/18,334.049988,336.630005,331.149994,331.619995,331.619995,5964400,0.0137
5/23/18,329.040009,345,328.089996,344.720001,344.720001,10001600,0.0229
5/24/18,344.339996,354,341.119995,349.290009,349.290009,14758600,0.0338
5/25/18,349.899994,354.359985,348.829987,351.290009,351.290009,7817400,0.0179
5/29/18,351.5,356.100006,346.709991,349.730011,349.730011,9717900,0.0223
5/30/18,352.369995,354,349.26001,353.540009,353.540009,5685500,0.0130
5/31/18,353.799988,355.529999,350.209991,351.600006,351.600006,6921700,0.0159
6/1/18,353.880005,359.98999,352.820007,359.929993,359.929993,7112300,0.0163
6/4/18,362.679993,363,355.51001,361.809998,361.809998,7682000,0.0176
6/5/18,363.320007,369.829987,361.410004,365.799988,365.799988,8358000,0.0191
6/6/18,367.779999,369.679993,363.329987,367.450012,367.450012,7712300,0.0177
6/7/18,368.540009,368.700012,357.799988,361.399994,361.399994,8278000,0.0190
6/8/18,358.059998,362.390015,356.25,360.570007,360.570007,5225700,0.0120
6/11/18,361.880005,365.670013,360.910004,361.450012,361.450012,4432400,0.0102
6/12/18,363.600006,365.980011,362,363.829987,363.829987,4291000,0.0098
6/13/18,367.529999,384.25,364.109985,379.929993,379.929993,18222800,0.0417
6/14/18,384.269989,395.029999,383.25,392.869995,392.869995,14598300,0.0334
6/15/18,390.709991,398.859985,387.51001,391.980011,391.980011,13588100,0.0311
6/18/18,387.720001,393.160004,386.5,390.399994,390.399994,6824800,0.0156
6/19/18,389.5,405.290009,388.5,404.980011,404.980011,16697100,0.0382
6/20/18,415.149994,419.470001,409.600006,416.76001,416.76001,16494600,0.0378
6/21/18,421.380005,423.209991,406.369995,415.440002,415.440002,18389900,0.0421
6/22/18,419.980011,420.5,409.649994,411.089996,411.089996,10428600,0.0239
6/25/18,404.690002,405.98999,378.75,384.480011,384.480011,22490900,0.0515
6/26/18,393.279999,404.779999,389.049988,399.390015,399.390015,15191200,0.0348
6/27/18,407.559998,411.589996,390,390.390015,390.390015,16541400,0.0379
6/28/18,395,396.899994,387.100006,395.420013,395.420013,12219900,0.0280
6/29/18,399.190002,401.329987,390.549988,391.429993,391.429993,9252500,0.0212
7/2/18,385.450012,398.380005,380,398.179993,398.179993,8142500,0.0186
7/3/18,399.48999,399.980011,389.5,390.519989,390.519989,5280300,0.0121
7/5/18,393.799988,399.23999,390.859985,398.390015,398.390015,8448900,0.0194
7/6/18,397.450012,408.649994,395.519989,408.25,408.25,8629600,0.0198
7/9/18,415.950012,419.119995,411.100006,418.970001,418.970001,11127500,0.0255
7/10/18,417.23999,419.440002,413.079987,415.630005,415.630005,9382900,0.0215
7/11/18,411.339996,419.769989,410.600006,418.649994,418.649994,9713900,0.0222
7/12/18,415.160004,416.790009,407.799988,413.5,413.5,12743300,0.0292
7/13/18,409.190002,410,395.079987,395.799988,395.799988,15719000,0.0360
7/16/18,398.980011,403.359985,391.75,400.480011,400.480011,22960000,0.0526
7/17/18,346.950012,385,344,379.480011,379.480011,58410400,0.1338
7/18/18,381.23999,383.130005,372.359985,375.130005,375.130005,21746300,0.0498
7/19/18,371.059998,375.75,363,364.230011,364.230011,16878700,0.0387
7/20/18,364.920013,370.5,360.140015,361.049988,361.049988,15096700,0.0346
7/23/18,359.149994,363.899994,353.600006,362.660004,362.660004,11505200,0.0264
7/24/18,366.940002,367.399994,354.559998,357.320007,357.320007,12851500,0.0294
7/25/18,357.570007,363.279999,355.649994,362.869995,362.869995,8467800,0.0194
7/26/18,358.190002,365.540009,356.630005,363.089996,363.089996,6993700,0.0160
7/27/18,366.850006,367,351.649994,355.209991,355.209991,8949500,0.0205
7/30/18,351.929993,352.029999,334.019989,334.959991,334.959991,18260700,0.0418
7/31/18,331.51001,342.5,328,337.450012,337.450012,14085400,0.0323
8/1/18,335.869995,344.410004,334.019989,338.380005,338.380005,7790500,0.0178
8/2/18,337.230011,345,334.709991,344.5,344.5,7131300,0.0163
8/3/18,347.75,347.859985,338.480011,343.089996,343.089996,8848400,0.0203
8/6/18,342.869995,351.980011,341.73999,350.920013,350.920013,8198100,0.0188
8/7/18,353.230011,357.309998,349.01001,351.829987,351.829987,7970900,0.0183
8/8/18,352.209991,352.290009,346.609985,347.609985,347.609985,5394700,0.0124
8/9/18,347.959991,352.440002,345.820007,349.359985,349.359985,4814600,0.0110
8/10/18,346.910004,349.100006,344.420013,345.869995,345.869995,4328400,0.0099
8/13/18,339.890015,347.190002,339.070007,341.309998,341.309998,6888900,0.0158
8/14/18,342.089996,342.410004,336.25,337.48999,337.48999,5805200,0.0133
8/15/18,334.029999,335.5,321,326.399994,326.399994,11784500,0.0270
8/16/18,329.899994,331.170013,321.209991,322.440002,322.440002,6689700,0.0153
8/17/18,319.01001,324.369995,312.959991,316.779999,316.779999,10407900,0.0238
8/20/18,314.640015,331.600006,310.929993,327.730011,327.730011,13591100,0.0311
8/21/18,331,341.5,329.700012,338.019989,338.019989,14783200,0.0339
8/22/18,338.48999,346.209991,337.410004,344.440002,344.440002,8930700,0.0205
8/23/18,348.109985,350.079987,337.649994,339.170013,339.170013,11336400,0.0260
8/24/18,346,359.149994,344.540009,358.820007,358.820007,14729100,0.0337
8/27/18,367.149994,374.48999,360,364.579987,364.579987,17427300,0.0399
8/28/18,367.230011,369.98999,360.380005,368.48999,368.48999,9222600,0.0211
8/29/18,367.200012,369.859985,362.910004,368.040009,368.040009,8118700,0.0186
8/30/18,365,376.809998,363.540009,370.980011,370.980011,10981000,0.0252
8/31/18,370.660004,376,367.079987,367.679993,367.679993,7943400,0.0182
9/4/18,366.470001,368.880005,361.26001,363.600006,363.600006,7605200,0.0174
9/5/18,360,363.390015,335.829987,341.179993,341.179993,13092800,0.0300
9/6/18,347.440002,356,341.98999,346.459991,346.459991,13050200,0.0299
9/7/18,342.200012,355.75,341.25,348.679993,348.679993,9105800,0.0209
9/10/18,352.269989,352.5,343.079987,348.410004,348.410004,5752200,0.0132
9/11/18,344.670013,356.149994,343.899994,355.929993,355.929993,6198100,0.0142
9/12/18,359.079987,370.429993,356.23999,369.950012,369.950012,10480800,0.0240
9/13/18,371.910004,374.089996,366.839996,368.149994,368.149994,8366100,0.0192
9/14/18,368.549988,371.089996,363.459991,364.559998,364.559998,4756400,0.0109
9/17/18,364.220001,367.329987,349.570007,350.350006,350.350006,7071900,0.0162
9/18/18,353.670013,368.149994,351.559998,367.649994,367.649994,10414000,0.0239
9/19/18,373.950012,377.609985,359.170013,366.959991,366.959991,11876800,0.0272
9/20/18,370.26001,370.26001,363.170013,365.359985,365.359985,6768100,0.0155
9/21/18,366.589996,372.220001,360.73999,361.190002,361.190002,11930600,0.0273
9/24/18,359,373.640015,354.329987,369.609985,369.609985,9322500,0.0214
9/25/18,370.230011,371.339996,364.48999,369.429993,369.429993,6799800,0.0156
9/26/18,373.589996,382,370.880005,377.880005,377.880005,13799700,0.0316
9/27/18,379.869995,383.200012,376,380.709991,380.709991,7326200,0.0168
9/28/18,379.23999,380.799988,373.730011,374.130005,374.130005,7114900,0.0163
10/1/18,375.850006,386.109985,375.589996,381.429993,381.429993,8376600,0.0192
10/2/18,384.380005,386.799988,373.829987,377.140015,377.140015,8638700,0.0198
10/3/18,378.529999,380.929993,374.880005,377.049988,377.049988,5798600,0.0133
10/4/18,375.880005,375.920013,360.399994,363.649994,363.649994,9074400,0.0208
10/5/18,359.769989,363.5,343,351.350006,351.350006,13523000,0.0310
10/8/18,345.179993,352.950012,338.109985,349.100006,349.100006,12375500,0.0283
10/9/18,348.480011,358.720001,347.089996,355.709991,355.709991,8755000,0.0201
10/10/18,353.519989,355.149994,325.390015,325.890015,325.890015,17183100,0.0394
10/11/18,324.940002,334.200012,315.809998,321.100006,321.100006,16082100,0.0368
10/12/18,339.570007,341.299988,328.899994,339.559998,339.559998,14870800,0.0341
10/15/18,337.630005,339.209991,326.929993,333.130005,333.130005,11215000,0.0257
10/16/18,337.23999,347.950012,330.559998,346.399994,346.399994,20156400,0.0462
10/17/18,378.329987,380,356.5,364.700012,364.700012,32610900,0.0747
10/18/18,360.670013,362.200012,346.049988,346.709991,346.709991,18461000,0.0423
10/19/18,351,355.799988,332.200012,332.670013,332.670013,16717200,0.0383
10/22/18,333.100006,335.799988,320.339996,329.540009,329.540009,17097200,0.0392
10/23/18,318,336.579987,316.769989,333.160004,333.160004,14907300,0.0341
10/24/18,332.279999,333,300.730011,301.829987,301.829987,19039300,0.0436
10/25/18,307.119995,319.940002,305.25,312.869995,312.869995,13346900,0.0306
10/26/18,300.51001,313.98999,292.299988,299.829987,299.829987,19616000,0.0449
10/29/18,305.26001,307.890015,275.399994,284.839996,284.839996,21698800,0.0497
10/30/18,275.570007,290.519989,271.209991,285.809998,285.809998,23685700,0.0543
10/31/18,297.769989,311.5,295.049988,301.779999,301.779999,20360300,0.0466
11/1/18,304.589996,318.450012,296.670013,317.380005,317.380005,15121500,0.0346
11/2/18,318,321.880005,308.329987,309.100006,309.100006,13404600,0.0307
11/5/18,311.100006,317.529999,303.73999,315.440002,315.440002,10283000,0.0236
11/6/18,314.76001,320.220001,305.299988,310.839996,310.839996,9710400,0.0222
11/7/18,312.899994,328.559998,311,327.5,327.5,13328300,0.0305
11/8/18,328,332.049988,316.609985,317.920013,317.920013,11023900,0.0252
11/9/18,311.070007,312.980011,298.01001,303.470001,303.470001,13480800,0.0309
11/12/18,300,302.48999,290.630005,294.070007,294.070007,10924800,0.0250
11/13/18,295,303.549988,289.100006,294.399994,294.399994,12232200,0.0280
11/14/18,300.399994,301.839996,278.299988,286.730011,286.730011,16853600,0.0386
11/15/18,285.51001,292.5,282.160004,290.059998,290.059998,9967100,0.0228
11/16/18,287.140015,291.720001,281,286.209991,286.209991,9099500,0.0208
11/19/18,283.790009,285.089996,269.149994,270.600006,270.600006,12993800,0.0298
11/20/18,254.630005,276.339996,250,266.980011,266.980011,16693800,0.0382
11/21/18,274.420013,275.339996,261.51001,262.130005,262.130005,11023000,0.0252
11/23/18,260.109985,265.5,256.839996,258.820007,258.820007,5245100,0.0120
11/26/18,260.549988,266.25,253.800003,261.429993,261.429993,12498600,0.0286
11/27/18,259.23999,269.079987,256.140015,266.630005,266.630005,11149500,0.0255
11/28/18,271.980011,284,263.339996,282.649994,282.649994,14801300,0.0339
11/29/18,282.320007,290.48999,275.5,288.75,288.75,15431500,0.0353
11/30/18,288,290.809998,283.059998,286.130005,286.130005,11860100,0.0272
12/3/18,293.190002,298.720001,284.579987,290.299988,290.299988,14117400,0.0323
12/4/18,288.130005,295.73999,274.720001,275.329987,275.329987,12800600,0.0293
12/6/18,268.329987,283.220001,267.140015,282.880005,282.880005,13074300,0.0299
12/7/18,282.480011,284.209991,263.380005,265.140015,265.140015,12466700,0.0286
12/10/18,264.190002,271.179993,260.609985,269.700012,269.700012,9605600,0.0220
12/11/18,274.079987,274.5,262.76001,265.320007,265.320007,9843200,0.0225
12/12/18,267.660004,281.769989,266.480011,274.880005,274.880005,11456700,0.0262
12/13/18,277.640015,279.320007,271.850006,276.019989,276.019989,8379300,0.0192
12/14/18,271.809998,277.670013,265,266.839996,266.839996,9915300,0.0227
12/17/18,266.51001,272.980011,261.079987,262.799988,262.799988,9634700,0.0221
12/18/18,263.299988,275.75,263.290009,270.940002,270.940002,10350100,0.0237
12/19/18,269.959991,280.869995,263.769989,266.769989,266.769989,13788400,0.0316
12/20/18,264.640015,269.899994,251.880005,260.579987,260.579987,16792900,0.0385
12/21/18,263.829987,264.5,241.289993,246.389999,246.389999,21397600,0.0490
12/24/18,242,250.649994,233.679993,233.880005,233.880005,9547600,0.0219
12/26/18,233.919998,254.5,231.229996,253.669998,253.669998,14402700,0.0330
12/27/18,250.110001,255.589996,240.100006,255.570007,255.570007,12235200,0.0280
12/28/18,257.940002,261.910004,249.800003,256.079987,256.079987,10992800,0.0252
12/31/18,260.160004,270.100006,260,267.660004,267.660004,13508900,0.0309
1/2/19,259.279999,269.75,256.579987,267.660004,267.660004,11679500,0.0268
1/3/19,270.200012,275.790009,264.429993,271.200012,271.200012,14955400,0.0343
1/4/19,281.880005,297.799988,278.540009,297.570007,297.570007,19330100,0.0443
1/7/19,302.100006,316.799988,301.649994,315.339996,315.339996,18620100,0.0426
1/8/19,319.980011,320.589996,308.01001,320.269989,320.269989,15359200,0.0352
1/9/19,317.709991,323.350006,313.5,319.959991,319.959991,13343200,0.0306
1/10/19,314.570007,325.369995,312.5,324.660004,324.660004,13472500,0.0309
1/11/19,330.959991,341.089996,328.519989,337.589996,337.589996,19500400,0.0447
1/14/19,334.23999,335.480011,329.130005,332.940002,332.940002,10499600,0.0240
1/15/19,349.600006,357.220001,347,354.640015,354.640015,21181200,0.0485
1/16/19,354,358.850006,348.109985,351.390015,351.390015,15385500,0.0352
1/17/19,349.5,355.790009,346.410004,353.190002,353.190002,18871200,0.0432
1/18/19,351.970001,353,336.730011,339.100006,339.100006,26621000,0.0610
1/22/19,334.890015,336.880005,321.029999,325.160004,325.160004,17941400,0.0411
1/23/19,328.25,331.75,318.600006,321.98999,321.98999,13480100,0.0309
1/24/19,320.600006,331.799988,319,326.670013,326.670013,11131600,0.0255
1/25/19,328.720001,340,328.51001,338.049988,338.049988,11152900,0.0255
1/28/19,334.700012,336.299988,328.880005,335.660004,335.660004,8652100,0.0198
1/29/19,335.869995,338.220001,328.149994,328.899994,328.899994,7655200,0.0175
1/30/19,332.75,341.779999,330.799988,340.660004,340.660004,9234500,0.0212
1/31/19,339.679993,345.98999,338.089996,339.5,339.5,8535500,0.0195
2/1/19,337.179993,346.839996,336.5,339.850006,339.850006,9827800,0.0225
2/4/19,342.600006,352,341.299988,351.339996,351.339996,9051400,0.0207
2/5/19,353.200012,360,352.899994,355.809998,355.809998,9046600,0.0207
2/6/19,357,357.040009,347.190002,352.190002,352.190002,6717700,0.0154
2/7/19,347.899994,348.75,339.019989,344.709991,344.709991,7864500,0.0180
2/8/19,338,348,338,347.570007,347.570007,7561400,0.0173
2/11/19,350,352.869995,344.809998,345.730011,345.730011,5454900,0.0125
2/12/19,348.089996,360,346.519989,359.970001,359.970001,10429400,0.0239
2/13/19,357.299988,359.600006,350.279999,351.769989,351.769989,10559100,0.0242
2/14/19,351.75,360.450012,348.329987,359.070007,359.070007,9295300,0.0213
2/15/19,358.470001,364.399994,355.5,356.869995,356.869995,9230000,0.0211
2/19/19,355.799988,365,355.320007,361.920013,361.920013,7396600,0.0169
2/20/19,364.850006,366.709991,356.700012,359.910004,359.910004,8110700,0.0186
2/21/19,360.029999,362.850006,353.880005,356.970001,356.970001,6227900,0.0143
2/22/19,360.339996,366.130005,360.049988,363.019989,363.019989,7088200,0.0162
2/25/19,367.01001,371.48999,363.790009,363.910004,363.910004,7569300,0.0173
2/26/19,362.980011,365.700012,359.329987,364.970001,364.970001,4944600,0.0113
2/27/19,363.5,368.029999,359.799988,362.869995,362.869995,5629900,0.0129
2/28/19,362.470001,366.390015,357.709991,358.100006,358.100006,6186800,0.0142
3/1/19,362.26001,362.869995,354.690002,357.320007,357.320007,5526500,0.0127
3/4/19,359.720001,362.25,348.040009,351.040009,351.040009,7487000,0.0171
3/5/19,351.459991,356.170013,348.25,354.299988,354.299988,5937800,0.0136
3/6/19,353.600006,359.880005,351.700012,359.609985,359.609985,6211900,0.0142
3/7/19,360.160004,362.859985,350.5,352.600006,352.600006,6145900,0.0141
3/8/19,345.75,349.920013,342.470001,349.600006,349.600006,6898800,0.0158
3/11/19,352,358.980011,350.029999,358.859985,358.859985,5387300,0.0123
3/12/19,359.369995,360.130005,353.799988,356.269989,356.269989,5164600,0.0118
3/13/19,355.809998,362.480011,352.769989,361.209991,361.209991,6444100,0.0148
3/14/19,360.5,363.839996,358.100006,358.820007,358.820007,5271400,0.0121
3/15/19,361.019989,364,358.890015,361.459991,361.459991,8444500,0.0193
3/18/19,362.470001,370.970001,361.859985,363.440002,363.440002,7194700,0.0165
3/19/19,366.399994,366.959991,356.799988,358.779999,358.779999,7541400,0.0173
3/20/19,358.910004,375.899994,357.01001,375.220001,375.220001,10917200,0.0250
3/21/19,374,379,370.609985,377.869995,377.869995,8544000,0.0196
3/22/19,375.950012,376.429993,360.040009,361.01001,361.01001,8661300,0.0198
3/25/19,359,367.040009,357.440002,366.230011,366.230011,8473800,0.0194
3/26/19,367.869995,368.380005,358.019989,359.970001,359.970001,7666500,0.0176
3/27/19,361,362.470001,350.369995,353.369995,353.369995,7852400,0.0180
3/28/19,354.48999,355.940002,349.200012,354.609985,354.609985,4361000,0.0100
3/29/19,357.160004,358.25,353.709991,356.559998,356.559998,4705600,0.0108
4/1/19,359,368.329987,358.51001,366.959991,366.959991,7036100,0.0161
4/2/19,366.25,368.420013,362.220001,367.720001,367.720001,5158700,0.0118
4/3/19,369.26001,373.410004,366.190002,369.75,369.75,5376600,0.0123
4/4/19,370.070007,372.049988,362.399994,367.880005,367.880005,4627300,0.0106
4/5/19,369,369.799988,364.660004,365.48999,365.48999,3905500,0.0089
4/8/19,365.109985,365.940002,359.929993,361.410004,361.410004,4653800,0.0107
4/9/19,360.540009,366.73999,359,364.709991,364.709991,5439200,0.0125
4/10/19,365.790009,368.850006,362.25,363.920013,363.920013,4545600,0.0104
4/11/19,365,370.119995,360.809998,367.649994,367.649994,6526900,0.0149
4/12/19,360.690002,361.75,349.359985,351.140015,351.140015,15646200,0.0358
4/15/19,350.709991,352.209991,342.269989,348.869995,348.869995,8822600,0.0202